MunID,pct_change,year_pair
1000,5.709729986998548,2019-2020
1002,3.923528176917953,2019-2020
1009,5.004321661432025,2019-2020
1012,1.0933742419018662,2019-2020
1016,3.97693117198961,2019-2020
1026,6.358391578377476,2019-2020
1037,5.359731573814134,2019-2020
1047,4.630409361129372,2019-2020
2000,5.542602531685315,2019-2020
2001,6.337861887219111,2019-2020
2005,4.449191218529012,2019-2020
2008,1.8588861637853682,2019-2020
2011,5.735691001989302,2019-2020
2030,4.47239734830852,2019-2020
2036,3.845593427988505,2019-2020
2044,3.687340685660205,2019-2020
2048,7.575132945121639,2019-2020
6005,3.0370693784715543,2019-2020
7000,3.1387145986339284,2019-2020
7003,3.3836839069372173,2019-2020
7006,2.82654603158005,2019-2020
7008,-0.501708101563701,2019-2020
7011,2.493463233693645,2019-2020
7015,0.3327015743000815,2019-2020
7017,2.5937659365542394,2019-2020
7019,4.818067618646278,2019-2020
7024,1.8629831063274527,2019-2020
7030,3.272303354695284,2019-2020
7033,2.869940852983067,2019-2020
7040,1.8436619686227982,2019-2020
7050,3.43152753557135,2019-2020
7055,4.541084769353806,2019-2020
9000,3.4449707429347582,2019-2020
9001,3.7864638809519096,2019-2020
9004,3.3621142104582815,2019-2020
9007,1.8629506162400309,2019-2020
9010,2.5461287750771477,2019-2020
9021,1.5444926661040133,2019-2020
9024,2.6509269890609257,2019-2020
9028,4.362819465318144,2019-2020
9030,3.965003008654069,2019-2020
9033,1.801294102441091,2019-2020
10000,4.947814308227545,2019-2020
10002,3.5907768683795402,2019-2020
10005,3.560730897142029,2019-2020
10013,2.2763332406473538,2019-2020
10025,6.488872283467741,2019-2020
10041,2.439024656346975,2019-2020
11000,4.957396525687869,2019-2020
11002,7.985613222748192,2019-2020
11010,4.789661972587362,2019-2020
11023,3.63361298966305,2019-2020
11033,3.8049016692260955,2019-2020
12000,6.748976389476025,2019-2020
12001,7.373762431602042,2019-2020
12002,1.756532526067668,2019-2020
12005,2.7089941530372554,2019-2020
12010,4.565983175849048,2019-2020
12017,7.392568302198345,2019-2020
12023,7.3085402426411985,2019-2020
12027,2.975165022551764,2019-2020
12036,2.7949744531730674,2019-2020
12039,10.815406374126502,2019-2020
12048,7.408615022734671,2019-2020
12051,8.84888445872244,2019-2020
12054,4.461695064040007,2019-2020
12058,4.672830176735205,2019-2020
12061,4.567927178920132,2019-2020
12067,3.5740264195362954,2019-2020
12073,3.197958204909484,2019-2020
13002,4.1121865194202645,2019-2020
14000,4.402857386549521,2019-2020
14005,5.959205584224931,2019-2020
14010,4.028609830020883,2019-2020
14015,6.944792390529768,2019-2020
14019,3.4425702900366897,2019-2020
14021,1.9488107542713091,2019-2020
14022,2.3737599754081278,2019-2020
14028,4.4743517166355815,2019-2020
15000,6.2898488008975395,2019-2020
15002,7.260364253709382,2019-2020
15005,6.637967522098909,2019-2020
15012,12.508427374685175,2019-2020
15014,2.482534795305609,2019-2020
15017,3.8197826994269715,2019-2020
15021,6.399370580900563,2019-2020
15030,3.596346603151282,2019-2020
15035,2.218050703662676,2019-2020
15041,3.458693654007128,2019-2020
16002,4.5549748025204195,2019-2020
18000,4.829175348079067,2019-2020
18001,4.172858855908385,2019-2020
18005,4.159754103796538,2019-2020
18009,6.335489510332773,2019-2020
18013,2.8696462978887163,2019-2020
18017,4.30027298538427,2019-2020
18020,3.169805338417553,2019-2020
18029,3.7622770278806525,2019-2020
18039,2.843704053732939,2019-2020
19000,4.44098505530955,2019-2020
19028,3.131177566649903,2019-2020
19036,3.3995136261197816,2019-2020
19038,4.616604790949693,2019-2020
19044,5.423011480181623,2019-2020
19046,4.777619202883447,2019-2020
19048,3.3512397448827573,2019-2020
19049,4.725676765976421,2019-2020
19054,10.16499597088569,2019-2020
19070,4.98432423001424,2019-2020
20002,2.426263770230436,2019-2020
21000,4.572342708373605,2019-2020
21005,3.484041141953297,2019-2020
21010,2.507801283447274,2019-2020
21024,4.638640218692792,2019-2020
22000,3.807740044094037,2019-2020
22001,7.428016027163495,2019-2020
22005,5.212360501653287,2019-2020
22008,11.28371485499584,2019-2020
22012,3.2988298933912246,2019-2020
22014,2.4420119137795937,2019-2020
22016,3.672395205016172,2019-2020
22019,3.8228763950493483,2019-2020
22021,5.897901393212434,2019-2020
23000,5.886200168835934,2019-2020
23001,5.88805995345275,2019-2020
23005,4.293674706347117,2019-2020
23008,4.1105208208457515,2019-2020
23010,4.408602450410848,2019-2020
23015,4.387215382267424,2019-2020
23020,5.102595460679547,2019-2020
23023,8.089767275049928,2019-2020
23040,5.226462144275246,2019-2020
24000,3.825553271617653,2019-2020
24001,3.658893182439231,2019-2020
24002,3.4657823994321433,2019-2020
24009,5.2389231783608405,2019-2020
24015,4.8491068898876355,2019-2020
25005,4.337517999440045,2019-2020
26000,7.352922176608367,2019-2020
26003,3.5456139270224147,2019-2020
26011,4.443069119001588,2019-2020
26014,8.011462676344793,2019-2020
26021,8.085532090950409,2019-2020
26028,7.515821184864692,2019-2020
26032,6.655561909051517,2019-2020
26037,6.574787597450232,2019-2020
26043,4.716927673991651,2019-2020
26047,6.727719944517601,2019-2020
26053,3.6728415286062868,2019-2020
26057,7.869104333014626,2019-2020
26065,9.632094158281074,2019-2020
28005,2.943872639944449,2019-2020
28030,10.166860241110346,2019-2020
29002,4.7264392232626085,2019-2020
29006,2.189932160481606,2019-2020
30000,5.110586681797193,2019-2020
30001,0.727617685311204,2019-2020
30006,3.530878210709903,2019-2020
30012,3.4642556074355784,2019-2020
30016,5.306361074977739,2019-2020
30018,4.509391851373377,2019-2020
30024,6.281453409034989,2019-2020
30029,-0.7368769561643883,2019-2020
31000,6.135447285507871,2019-2020
31002,4.458108787575591,2019-2020
31008,5.225135119755587,2019-2020
31011,4.196811425613099,2019-2020
31016,2.6818277841038367,2019-2020
31017,5.785702743476097,2019-2020
31035,6.445645333270076,2019-2020
32000,5.826963433751561,2019-2020
32002,6.491824944605554,2019-2020
32004,4.351481554611049,2019-2020
32011,3.3609046813217676,2019-2020
32018,2.546525617704139,2019-2020
32027,5.17926159422082,2019-2020
32038,7.300768183499164,2019-2020
32042,3.74165692429656,2019-2020
32045,6.204377637632938,2019-2020
34000,6.296513324199163,2019-2020
34003,6.221456470697295,2019-2020
34007,5.3233421201565205,2019-2020
34011,5.076758303780142,2019-2020
34015,4.679056516919155,2019-2020
34021,3.591185537666698,2019-2020
34024,6.00678958519441,2019-2020
34028,7.218754086719424,2019-2020
34035,4.019958482632196,2019-2020
36003,4.734021799609057,2019-2020
37000,6.649290542205312,2019-2020
37001,1.1340231393160796,2019-2020
37003,7.513803168574492,2019-2020
37008,6.378471045367849,2019-2020
37020,3.5552212683612896,2019-2020
37025,3.0107978953866787,2019-2020
37034,6.19280807271975,2019-2020
37039,2.7638206046632194,2019-2020
37043,3.9598200460241637,2019-2020
37049,6.908317075065224,2019-2020
38000,4.469071513642482,2019-2020
38002,3.6398001194122362,2019-2020
38005,1.9434576108577695,2019-2020
38011,4.6611865934859855,2019-2020
38016,8.994061460995905,2019-2020
38018,7.54504131318487,2019-2020
38019,4.882577297264442,2019-2020
38030,2.157069311857622,2019-2020
38031,6.03272076677144,2019-2020
38033,7.1400416203302415,2019-2020
38037,4.826643030948963,2019-2020
38040,8.525919100862449,2019-2020
39000,7.689792418332536,2019-2020
39002,2.8535787988764842,2019-2020
39003,7.447736838802895,2019-2020
39010,5.839385696467957,2019-2020
39013,6.5879239100099936,2019-2020
39020,7.154330489081555,2019-2020
39025,4.796732415503381,2019-2020
39036,5.05003283745191,2019-2020
39041,7.974211964744961,2019-2020
39057,9.676064596216708,2019-2020
40000,5.00012304922012,2019-2020
40003,5.764538957124453,2019-2020
40010,4.64850695412327,2019-2020
40015,9.725529918373677,2019-2020
40025,1.447839710465853,2019-2020
40028,1.4655512941946824,2019-2020
40030,4.926852860923545,2019-2020
40046,5.904233010093147,2019-2020
40048,11.206771777389918,2019-2020
40050,6.832482071106476,2019-2020
41000,6.4691413351585,2019-2020
41004,5.255800008758544,2019-2020
41010,6.574736872089214,2019-2020
41020,6.792274356514222,2019-2020
41030,7.739773761443662,2019-2020
41037,4.614594254537925,2019-2020
41043,7.116221474921239,2019-2020
41053,3.4764478570699753,2019-2020
41061,3.311813384343517,2019-2020
42000,4.559010517013427,2019-2020
42004,4.022295873852421,2019-2020
42005,10.82483069935187,2019-2020
42013,5.697027924858921,2019-2020
42029,3.0550369779786735,2019-2020
42031,2.4521401086138277,2019-2020
42041,4.8225848787177785,2019-2020
42047,3.9675867965827365,2019-2020
42055,2.6004137156571407,2019-2020
42059,1.647170963324352,2019-2020
43000,4.698361873234232,2019-2020
43002,3.919028525985767,2019-2020
43013,3.3638492590772806,2019-2020
43017,6.833664432585519,2019-2020
43021,6.817774029467792,2019-2020
43025,4.71453177199533,2019-2020
43030,3.4159661907393883,2019-2020
43031,3.5206157815721264,2019-2020
43040,5.270187882511272,2019-2020
43042,3.8848638877177724,2019-2020
43047,5.277626965888156,2019-2020
43050,-3.9593779825158633,2019-2020
43052,4.865250059421114,2019-2020
43064,5.224598111512436,2019-2020
43068,3.7735427199869402,2019-2020
43070,3.0817516170492847,2019-2020
43072,4.118476639771359,2019-2020
43074,4.055144413677633,2019-2020
43080,6.429703000419411,2019-2020
44000,3.4835664027662876,2019-2020
44002,2.963497481429918,2019-2020
44018,3.335340591517382,2019-2020
44027,1.4828605252402816,2019-2020
44042,5.791708625287734,2019-2020
44053,1.74991859780436,2019-2020
44065,1.9113637591738244,2019-2020
46000,5.019849815892831,2019-2020
46002,5.080880945377465,2019-2020
46011,3.4480557374191845,2019-2020
46020,3.4281511221054903,2019-2020
46024,4.2456264057247655,2019-2020
47000,3.725678701532636,2019-2020
47002,3.0646652830389582,2019-2020
47003,4.665426370211325,2019-2020
47007,2.0761698457328146,2019-2020
47015,3.127952797707638,2019-2020
47018,3.937831407481993,2019-2020
47023,1.8534902227475565,2019-2020
47030,2.9431541054850157,2019-2020
47041,4.6747669384656,2019-2020
47046,2.1143216082915957,2019-2020
47048,1.8725171243040035,2019-2020
47050,2.9361760664932532,2019-2020
47063,2.374897872986283,2019-2020
47064,1.0850658642540965,2019-2020
47068,4.132686672061627,2019-2020
47077,4.934619267139101,2019-2020
47091,2.48966458777732,2019-2020
47096,4.533214075091579,2019-2020
47098,-0.06563921597993148,2019-2020
48001,2.8877990683067107,2019-2020
48017,2.30299106478636,2019-2020
48019,4.776562970688525,2019-2020
48021,2.9112296871210286,2019-2020
48022,-3.2870232126860395,2019-2020
48026,1.0604612976637444,2019-2020
48031,2.6285408091190297,2019-2020
48034,1.4610184286887171,2019-2020
48044,3.994704533096042,2019-2020
48050,4.630420729917073,2019-2020
48069,1.1041825985687364,2019-2020
49003,1.9732871212419005,2019-2020
49005,-0.8873537664732354,2019-2020
49012,1.5779646579525666,2019-2020
49014,1.2376248215666095,2019-2020
49018,3.1451615570965923,2019-2020
49019,2.5129450046376274,2019-2020
49022,2.4113224875623884,2019-2020
49024,2.6054326022824794,2019-2020
49028,3.3775151463817967,2019-2020
49031,2.747457388529802,2019-2020
49032,3.292082454250415,2019-2020
49036,3.8720815256426357,2019-2020
49039,4.286347812289369,2019-2020
49041,5.981305685579713,2019-2020
49046,0.12090776073836207,2019-2020
49048,1.1801900015573898,2019-2020
49051,2.5083668659087652,2019-2020
49054,5.516198384513613,2019-2020
49056,1.9757024243287327,2019-2020
49058,2.959022825562125,2019-2020
49066,3.107556250349636,2019-2020
49071,3.0286684516828846,2019-2020
51001,3.2016149519288946,2019-2020
51009,4.715195227418565,2019-2020
51011,2.8479747515196454,2019-2020
51015,3.393136882346178,2019-2020
51021,5.268928239058655,2019-2020
51025,4.767044977665041,2019-2020
51026,2.494026536774253,2019-2020
51028,3.674941705422362,2019-2020
51034,4.61754023420377,2019-2020
52001,1.5478101097196832,2019-2020
52003,4.301808771665931,2019-2020
52004,3.3510676160669384,2019-2020
52007,2.0464281994788527,2019-2020
52019,2.902678837218685,2019-2020
52026,-0.263667756466957,2019-2020
52028,1.9345348137036373,2019-2020
52031,1.0655681275158544,2019-2020
52092,3.0705012698663006,2019-2020
53005,3.135324255414134,2019-2020
54001,1.7342471061959728,2019-2020
54006,0.09840641687783722,2019-2020
54008,2.7915895286153316,2019-2020
54010,1.4110090338290848,2019-2020
54014,5.918771801432684,2019-2020
54021,2.9964240601611993,2019-2020
54024,6.766977907917505,2019-2020
54026,8.135501837708773,2019-2020
54029,2.3799851298835684,2019-2020
54032,9.764797882579403,2019-2020
54034,7.757850870665278,2019-2020
54036,3.2124740217658494,2019-2020
54038,-0.0830529857022708,2019-2020
54042,0.22082398488205024,2019-2020
54047,1.61662139735428,2019-2020
54049,1.1551558595683522,2019-2020
54052,3.6524549858783466,2019-2020
54054,5.869571909981978,2019-2020
54056,1.7466720629250654,2019-2020
54058,3.9392629016913974,2019-2020
54062,5.144039810233325,2019-2020
54066,10.764306897260475,2019-2020
54068,8.313318405944138,2019-2020
56014,3.1526092679064353,2019-2020
56027,0.4597194141328557,2019-2020
56031,2.7131193265378566,2019-2020
56037,0.1831658974229248,2019-2020
56048,-0.31620014323077505,2019-2020
56052,6.03664853475186,2019-2020
56056,2.27557942843361,2019-2020
56065,4.233942251031231,2019-2020
56066,-0.01917725627871808,2019-2020
56070,3.224561611657005,2019-2020
56073,2.4801215292573593,2019-2020
56076,2.798119571761991,2019-2020
56077,3.663281233715038,2019-2020
57001,1.3041061151662223,2019-2020
57004,5.2895615857602,2019-2020
57006,-0.08927935535727004,2019-2020
57008,2.6005224248566403,2019-2020
57011,7.142198351344294,2019-2020
57014,4.01905128717816,2019-2020
57016,-10.17561971738207,2019-2020
57019,7.518463010026749,2019-2020
57021,2.442507282134418,2019-2020
57023,6.770683470221424,2019-2020
57028,3.063556596839397,2019-2020
57038,6.134526741892269,2019-2020
57039,1.2329526403306486,2019-2020
57040,4.242800029814212,2019-2020
57041,3.7250474274273437,2019-2020
57051,5.155077931493639,2019-2020
57061,2.6275665215138613,2019-2020
57066,6.864639768428329,2019-2020
57076,2.4381477546456867,2019-2020
57079,0.4528242407669052,2019-2020
57091,5.496926832191793,2019-2020
57096,5.952098912087166,2019-2020
58001,0.6784407679606307,2019-2020
58004,2.990174127285131,2019-2020
58007,5.125670142370469,2019-2020
58012,2.235664156632626,2019-2020
58016,1.9595169128880838,2019-2020
58019,8.109751294227433,2019-2020
58028,4.191700479761691,2019-2020
58034,0.5643864625681382,2019-2020
58041,-10.908300417650443,2019-2020
58044,-0.0402742457147917,2019-2020
58051,9.413920011879894,2019-2020
58054,1.230531980329378,2019-2020
58058,1.612913755636821,2019-2020
58059,1.558854435424455,2019-2020
58066,2.7295120980023517,2019-2020
59001,2.6381332991481345,2019-2020
59011,0.05892020405281049,2019-2020
59012,4.722661929842978,2019-2020
59016,6.094515336008658,2019-2020
59019,-1.088697659114072,2019-2020
59024,5.594296681347771,2019-2020
59031,5.404017568789562,2019-2020
59040,7.912414669454174,2019-2020
59042,1.9870012526163303,2019-2020
59045,4.059404566845905,2019-2020
60001,3.3656111327718077,2019-2020
60008,4.125114626750557,2019-2020
60011,1.9065244909840722,2019-2020
60021,2.548457663658902,2019-2020
60025,-0.3433351459785341,2019-2020
60034,3.0108786057985966,2019-2020
60040,-2.3248234287845,2019-2020
60042,0.5755872218642718,2019-2020
60049,6.317527554447031,2019-2020
1000,0.06565906327770499,2020-2021
1002,-2.7050181194227743,2020-2021
1009,-0.5437883537269859,2020-2021
1012,-0.4458680602263435,2020-2021
1016,-1.5944569054537092,2020-2021
1026,-1.9067085028708586,2020-2021
1037,1.1167635673760734,2020-2021
1047,-0.8244410978968714,2020-2021
2000,2.932507958269024,2020-2021
2001,1.1146724754940096,2020-2021
2005,1.7770482733321356,2020-2021
2008,-0.08948847108002149,2020-2021
2011,1.4099959542527545,2020-2021
2030,1.4824689562519662,2020-2021
2036,3.2881258374332605,2020-2021
2044,1.7858735347579309,2020-2021
2048,4.359003900566801,2020-2021
6005,0.4062076512290109,2020-2021
7000,0.4882129219898908,2020-2021
7003,-1.106794952584946,2020-2021
7006,-0.1439329220535164,2020-2021
7008,-1.454833591271359,2020-2021
7011,-0.6281849618101976,2020-2021
7015,-2.242108296096398,2020-2021
7017,0.8301349681135939,2020-2021
7019,-2.036901396547951,2020-2021
7024,3.048384368367708,2020-2021
7030,0.4607778214452188,2020-2021
7033,-3.667830465900282,2020-2021
7040,-0.5215380884477221,2020-2021
7050,0.7778349334423534,2020-2021
7055,0.3828940323410622,2020-2021
9000,3.4646555750557173,2020-2021
9001,2.513117657074105,2020-2021
9004,0.5872854439343191,2020-2021
9007,0.622424421754967,2020-2021
9010,0.22173639228748038,2020-2021
9021,0.10294502020910834,2020-2021
9024,3.0057996615817726,2020-2021
9028,1.269582559900547,2020-2021
9030,3.325033021478549,2020-2021
9033,0.7877654607329488,2020-2021
10000,2.0980302591412463,2020-2021
10002,3.7979583168576565,2020-2021
10005,0.136261197935262,2020-2021
10013,1.4500100501886164,2020-2021
10025,1.13873868701291,2020-2021
10041,1.3538117512261607,2020-2021
11000,5.481483819738075,2020-2021
11002,3.5730567750950293,2020-2021
11010,1.68690760117767,2020-2021
11023,2.2254689961665206,2020-2021
11033,1.912544055751702,2020-2021
12000,3.1923501002912262,2020-2021
12001,2.621528649031492,2020-2021
12002,1.7639350057444418,2020-2021
12005,-2.7015260724537886,2020-2021
12010,0.9384248250530824,2020-2021
12017,1.1613890487510807,2020-2021
12023,4.400792804330372,2020-2021
12027,1.522388326447954,2020-2021
12036,3.4353826824568876,2020-2021
12039,3.837732626886317,2020-2021
12048,1.25591306179892,2020-2021
12051,0.15152271354636612,2020-2021
12054,1.9388668696302447,2020-2021
12058,1.2498742022770686,2020-2021
12061,3.3849056948716307,2020-2021
12067,3.068094553132493,2020-2021
12073,1.4360181287325438,2020-2021
13002,2.7645660907102547,2020-2021
14000,2.6842393450176227,2020-2021
14005,1.969858356872113,2020-2021
14010,1.6931878665008109,2020-2021
14015,0.8990520762759157,2020-2021
14019,1.6803611604739415,2020-2021
14021,-1.8902830023621846,2020-2021
14022,1.1098208666470963,2020-2021
14028,2.061310045828372,2020-2021
15000,3.255979646010014,2020-2021
15002,3.510809601531553,2020-2021
15005,2.2376805344899773,2020-2021
15012,2.3607785170361892,2020-2021
15014,0.4987735797689489,2020-2021
15017,2.0122119288177123,2020-2021
15021,3.2418824386592835,2020-2021
15030,1.2548854935994305,2020-2021
15035,1.630363591665294,2020-2021
15041,1.736717805042683,2020-2021
16002,1.7920278163904222,2020-2021
18000,4.376416941407737,2020-2021
18001,2.8771151632964402,2020-2021
18005,2.770062992714152,2020-2021
18009,3.390438442385842,2020-2021
18013,0.32638694315186423,2020-2021
18017,2.982434916740286,2020-2021
18020,3.2590069931488657,2020-2021
18029,1.528766852167546,2020-2021
18039,5.311212176015923,2020-2021
19000,2.8881599276035406,2020-2021
19028,0.8833911629533135,2020-2021
19036,1.166989143344007,2020-2021
19038,1.3797388131433495,2020-2021
19044,3.8897454306227734,2020-2021
19046,3.0583441146831527,2020-2021
19048,1.4504614156534665,2020-2021
19049,1.7195678873559155,2020-2021
19054,4.094126410977612,2020-2021
19070,2.0625543325850244,2020-2021
20002,-0.3893025045343996,2020-2021
21000,3.3990839814897207,2020-2021
21005,0.2553592063149894,2020-2021
21010,0.8425134147175477,2020-2021
21024,2.2196207728673416,2020-2021
22000,2.6979863494653378,2020-2021
22001,3.355222170162654,2020-2021
22005,2.898370627838167,2020-2021
22008,1.6629853959068055,2020-2021
22012,1.3615649544749688,2020-2021
22014,1.063087790478104,2020-2021
22016,1.7761608520287293,2020-2021
22019,1.0899239383569184,2020-2021
22021,2.9582127534077913,2020-2021
23000,3.0444348972011936,2020-2021
23001,0.1788396158010922,2020-2021
23005,1.7639054645080174,2020-2021
23008,0.500320858824732,2020-2021
23010,2.7990851055966846,2020-2021
23015,1.292405742221971,2020-2021
23020,1.5004746976995136,2020-2021
23023,1.210034502519285,2020-2021
23040,1.5039303565825446,2020-2021
24000,3.3752249819421465,2020-2021
24001,2.6147290302137196,2020-2021
24002,1.7152507412513205,2020-2021
24009,4.29571030060332,2020-2021
24015,2.818320978634142,2020-2021
25005,2.181712661797924,2020-2021
26000,3.2390267203626406,2020-2021
26003,2.235133395861296,2020-2021
26011,4.366292818230677,2020-2021
26014,4.676355383207558,2020-2021
26021,3.0584720066717845,2020-2021
26028,4.3626398220943905,2020-2021
26032,2.370876877692905,2020-2021
26037,4.950498471519487,2020-2021
26043,1.009249534432094,2020-2021
26047,1.130260236007965,2020-2021
26053,0.6283822533201354,2020-2021
26057,3.2721369919571397,2020-2021
26065,1.5276905569890928,2020-2021
28005,1.6793738025707865,2020-2021
28030,3.2738871613299936,2020-2021
29002,1.942987911505543,2020-2021
29006,0.2757345241710395,2020-2021
30000,2.051480958072405,2020-2021
30001,1.0769274922016696,2020-2021
30006,-3.2829548235753556,2020-2021
30012,-1.5348946497884406,2020-2021
30016,-1.4463152696312709,2020-2021
30018,0.5710353164411417,2020-2021
30024,1.6916894946895609,2020-2021
30029,-0.7653148997639012,2020-2021
31000,3.50775748047095,2020-2021
31002,0.2376596271692461,2020-2021
31008,0.2811690152251377,2020-2021
31011,-0.8117572216424344,2020-2021
31016,-0.7075666190606762,2020-2021
31017,0.7910333134088744,2020-2021
31035,1.9934329903098407,2020-2021
32000,1.399479619302395,2020-2021
32002,1.1903883488731928,2020-2021
32004,-4.385029402072617,2020-2021
32011,1.1835561435653343,2020-2021
32018,-1.112246593647939,2020-2021
32027,0.4765930658036286,2020-2021
32038,1.4513470818960394,2020-2021
32042,0.5207282839672599,2020-2021
32045,-0.9223239211540789,2020-2021
34000,4.7793795731297815,2020-2021
34003,3.867500317648951,2020-2021
34007,2.1089276983708753,2020-2021
34011,2.0465178677087392,2020-2021
34015,5.081211644427565,2020-2021
34021,1.9591163481256846,2020-2021
34024,4.0159153340538785,2020-2021
34028,3.586811182286426,2020-2021
34035,2.7779198417975075,2020-2021
36003,0.88658117978137,2020-2021
37000,2.5341713842021365,2020-2021
37001,2.5672576017975484,2020-2021
37003,0.43886232825939675,2020-2021
37008,1.6591245863208635,2020-2021
37020,-0.19613074942588213,2020-2021
37025,1.9378333331622162,2020-2021
37034,2.965423086601084,2020-2021
37039,0.2914166562630312,2020-2021
37043,-1.7280563572465153,2020-2021
37049,1.5023789968737833,2020-2021
38000,2.5700716947716447,2020-2021
38002,-1.0116045782094887,2020-2021
38005,-1.314698877844015,2020-2021
38011,-0.5353553222761548,2020-2021
38016,1.2582150650786912,2020-2021
38018,0.30942381690327103,2020-2021
38019,1.1427040985363959,2020-2021
38030,-0.9830696462114905,2020-2021
38031,-6.525868121383324,2020-2021
38033,1.9096849469332715,2020-2021
38037,0.7912991461659904,2020-2021
38040,-0.40271600016704623,2020-2021
39000,3.0149738630771075,2020-2021
39002,1.4816246795002237,2020-2021
39003,0.6547634463189668,2020-2021
39010,-1.96668190920702,2020-2021
39013,1.2475952924621327,2020-2021
39020,0.5442967661227216,2020-2021
39025,-0.8499593326613387,2020-2021
39036,1.2127133384789353,2020-2021
39041,-3.604953728386559,2020-2021
39057,2.525126729770947,2020-2021
40000,1.9940255236199058,2020-2021
40003,-0.16652181381853334,2020-2021
40010,1.4471342880009386,2020-2021
40015,0.9711167914731808,2020-2021
40025,2.4067167485515304,2020-2021
40028,1.2331233295870203,2020-2021
40030,4.184936883288161,2020-2021
40046,2.522156152255595,2020-2021
40048,2.083821068858384,2020-2021
40050,4.081794171787324,2020-2021
41000,4.790031014022164,2020-2021
41004,3.932704240445107,2020-2021
41010,2.31482644622307,2020-2021
41020,3.0414060145589565,2020-2021
41030,1.9562194510364752,2020-2021
41037,2.684185532947667,2020-2021
41043,4.135346645584752,2020-2021
41053,2.5758264888238123,2020-2021
41061,3.89090016321283,2020-2021
42000,4.231920749608208,2020-2021
42004,4.0529227418549585,2020-2021
42005,4.383500708341996,2020-2021
42013,1.3875909877341082,2020-2021
42029,1.0285649556297483,2020-2021
42031,3.3894222287492384,2020-2021
42041,3.4786544327616373,2020-2021
42047,2.868133787504492,2020-2021
42055,1.98266772805129,2020-2021
42059,-0.26927526295912313,2020-2021
43000,1.9071550225252505,2020-2021
43002,1.2102981839680889,2020-2021
43013,-0.26377592296040325,2020-2021
43017,2.6644947957058203,2020-2021
43021,1.0230216781499162,2020-2021
43025,0.3841223727872128,2020-2021
43030,2.0488789821570026,2020-2021
43031,2.406772199360789,2020-2021
43040,7.858650002213535,2020-2021
43042,0.0024877952783939326,2020-2021
43047,2.2484713519847634,2020-2021
43050,1.657058185626808,2020-2021
43052,-0.6952746548928304,2020-2021
43064,3.9721859553473156,2020-2021
43068,2.5845901029236584,2020-2021
43070,1.8403697324954553,2020-2021
43072,0.3085629145542517,2020-2021
43074,1.330650902820322,2020-2021
43080,2.4802284400513317,2020-2021
44000,3.337425659793014,2020-2021
44002,2.4415639946354766,2020-2021
44018,1.6360642824246183,2020-2021
44027,2.800554478992605,2020-2021
44042,2.654006242563127,2020-2021
44053,2.5247259837486435,2020-2021
44065,-4.841945595050149,2020-2021
46000,4.646796616803445,2020-2021
46002,2.7444359795856395,2020-2021
46011,2.9593327123171265,2020-2021
46020,3.9448305115727402,2020-2021
46024,2.099227727931955,2020-2021
47000,3.645448099500685,2020-2021
47002,1.2107604353168857,2020-2021
47003,1.4138914840512515,2020-2021
47007,2.8869864289432803,2020-2021
47015,2.894371351310861,2020-2021
47018,1.6556456955711947,2020-2021
47023,2.176110210837663,2020-2021
47030,1.4559122484698923,2020-2021
47041,2.3274574005400086,2020-2021
47046,1.3161507225973568,2020-2021
47048,-0.4172552889691941,2020-2021
47050,1.900849993750046,2020-2021
47063,0.6876249534505977,2020-2021
47064,-0.27507342441809113,2020-2021
47068,2.6770908703867065,2020-2021
47077,3.7470379797788085,2020-2021
47091,-0.32094118626893964,2020-2021
47096,0.18847863697563674,2020-2021
47098,-7.3912719385029195,2020-2021
48001,1.419671426875751,2020-2021
48017,0.7905129157069661,2020-2021
48019,4.0664215200699685,2020-2021
48021,-2.0038745896210965,2020-2021
48022,4.287941999093736,2020-2021
48026,5.905871160609196,2020-2021
48031,0.9835828680432608,2020-2021
48034,1.9244168995897815,2020-2021
48044,1.994644844377145,2020-2021
48050,1.9467163411862565,2020-2021
48069,-0.8581668507350024,2020-2021
49003,1.4458352101795728,2020-2021
49005,1.064327050737389,2020-2021
49012,4.3268222214392384,2020-2021
49014,0.9900448515007314,2020-2021
49018,1.9218984061908269,2020-2021
49019,0.8044689486623704,2020-2021
49022,2.1680105368823517,2020-2021
49024,3.001888687586615,2020-2021
49028,2.7271382815420573,2020-2021
49031,1.24706905680357,2020-2021
49032,2.288015419795975,2020-2021
49036,1.1619897524127278,2020-2021
49039,1.5130526966279276,2020-2021
49041,0.7535654866909972,2020-2021
49046,-4.701167100158695,2020-2021
49048,0.24140163793961522,2020-2021
49051,3.0308496745311064,2020-2021
49054,3.0729520905057477,2020-2021
49056,4.353052460377347,2020-2021
49058,3.112544192891511,2020-2021
49066,2.2452600605123147,2020-2021
49071,1.9768384426007046,2020-2021
51001,3.945286110313017,2020-2021
51009,2.7323033726264216,2020-2021
51011,2.069873712623093,2020-2021
51015,2.608605161358447,2020-2021
51021,2.8887841395410363,2020-2021
51025,3.4888024965266267,2020-2021
51026,0.5695430163142067,2020-2021
51028,3.58779555542301,2020-2021
51034,1.6565532618536338,2020-2021
52001,2.07160941254224,2020-2021
52003,0.9450721859335487,2020-2021
52004,1.5214498208164018,2020-2021
52007,1.9499100283535382,2020-2021
52019,3.2927948892059398,2020-2021
52026,0.8478103281072745,2020-2021
52028,0.8700180584451083,2020-2021
52031,0.8035974559759422,2020-2021
52092,1.899989227136527,2020-2021
53005,2.670032526379578,2020-2021
54001,-0.9034775483028387,2020-2021
54006,-1.4251658164610301,2020-2021
54008,3.8133150884274096,2020-2021
54010,0.2312567184661829,2020-2021
54014,0.45877651750125664,2020-2021
54021,1.2534270666638714,2020-2021
54024,4.044123595687419,2020-2021
54026,5.638234174637128,2020-2021
54029,6.0684445376138,2020-2021
54032,3.565458999413612,2020-2021
54034,2.312305053923092,2020-2021
54036,-0.4918639733861915,2020-2021
54038,2.1348681095527193,2020-2021
54042,-0.02048008135535766,2020-2021
54047,6.182700411969972,2020-2021
54049,-1.5074873246079472,2020-2021
54052,0.21498955188796248,2020-2021
54054,3.3984518735327636,2020-2021
54056,-0.4260912237314004,2020-2021
54058,1.6186165268390558,2020-2021
54062,-0.3122430698736735,2020-2021
54066,2.5967484785712394,2020-2021
54068,-8.35397967476067,2020-2021
56014,5.456140681189163,2020-2021
56027,0.4716200895758377,2020-2021
56031,2.746593487928533,2020-2021
56037,6.318388358999568,2020-2021
56048,1.3427323162920362,2020-2021
56052,0.6374851977833969,2020-2021
56056,-0.8158039598685962,2020-2021
56065,-0.6918216997254273,2020-2021
56066,0.10816091195249058,2020-2021
56070,1.5828298860748768,2020-2021
56073,-1.2477325530023857,2020-2021
56076,1.1599434861277897,2020-2021
56077,-20.984021130100814,2020-2021
57001,5.912821266528543,2020-2021
57004,0.2067888568520127,2020-2021
57006,0.1805003602369672,2020-2021
57008,2.6631523808731945,2020-2021
57011,6.4461349182969725,2020-2021
57014,3.604839759801364,2020-2021
57016,11.376270329218757,2020-2021
57019,-0.06491201641679203,2020-2021
57021,-0.5065607658911895,2020-2021
57023,2.221426235866365,2020-2021
57028,-1.086539991370083,2020-2021
57038,1.6444819621525373,2020-2021
57039,2.261610882337832,2020-2021
57040,3.788561776561901,2020-2021
57041,2.348541600940263,2020-2021
57051,0.8785985327111276,2020-2021
57061,2.32067341438556,2020-2021
57066,2.46159445876725,2020-2021
57076,-0.197433535471749,2020-2021
57079,2.002009571458414,2020-2021
57091,2.9448812270747564,2020-2021
57096,0.8736854039686156,2020-2021
58001,1.3496030910181356,2020-2021
58004,1.9282608097251297,2020-2021
58007,0.9054007108889592,2020-2021
58012,6.984046855777773,2020-2021
58016,2.9187784275503574,2020-2021
58019,1.8084647247086785,2020-2021
58028,1.8394725406477574,2020-2021
58034,4.005387962550736,2020-2021
58041,2.7582545800408096,2020-2021
58044,0.10596489490187412,2020-2021
58051,1.8802297454299737,2020-2021
58054,0.16260035293923558,2020-2021
58058,1.8448011338696713,2020-2021
58059,2.6754041741429013,2020-2021
58066,-19.547904590345485,2020-2021
59001,1.4198805568457393,2020-2021
59011,3.4962708841277035,2020-2021
59012,-2.5911655766168353,2020-2021
59016,3.2000210331666743,2020-2021
59019,2.332653546165034,2020-2021
59024,2.431484459453836,2020-2021
59031,-0.7728886887089311,2020-2021
59040,0.17986206896551726,2020-2021
59042,4.858084279284556,2020-2021
59045,0.254671605752354,2020-2021
60001,1.0817038288476657,2020-2021
60008,0.7060547293843263,2020-2021
60011,1.9115670593953213,2020-2021
60021,-2.1403188956921997,2020-2021
60025,-1.0140986733175952,2020-2021
60034,0.9238094394991505,2020-2021
60040,1.006308063490745,2020-2021
60042,-5.894902731723929,2020-2021
60049,-0.8225328927968085,2020-2021
1000,3.1145888538209054,2021-2022
1002,2.8417764656469338,2021-2022
1009,2.6032122485590503,2021-2022
1012,3.3117503148004954,2021-2022
1016,2.8291487490463925,2021-2022
1026,4.673403855415139,2021-2022
1037,4.91761929822612,2021-2022
1047,1.1976527866934796,2021-2022
2000,5.69786842268887,2021-2022
2001,3.6633173471928417,2021-2022
2005,3.2487105761963404,2021-2022
2008,2.002619560131692,2021-2022
2011,4.583537096703005,2021-2022
2030,3.590835066445768,2021-2022
2036,4.702701259111822,2021-2022
2044,7.08735900169573,2021-2022
2048,7.61200955331829,2021-2022
6005,3.6521739510120868,2021-2022
7000,3.4815001742489833,2021-2022
7003,3.643302918129738,2021-2022
7006,2.6653442103527483,2021-2022
7008,3.438987001058931,2021-2022
7011,3.138012608129536,2021-2022
7015,2.4465015607905385,2021-2022
7017,2.9451916643366762,2021-2022
7019,2.7427429644953385,2021-2022
7024,6.1742959795215535,2021-2022
7030,2.7312434555455556,2021-2022
7033,3.731128209031012,2021-2022
7040,2.016889259466484,2021-2022
7050,4.318042888435792,2021-2022
7055,3.2460304508140734,2021-2022
9000,4.419982108278023,2021-2022
9001,3.804287817021681,2021-2022
9004,15.920941452193368,2021-2022
9007,2.8574060768569822,2021-2022
9010,2.069046306242023,2021-2022
9021,4.167144154575007,2021-2022
9024,5.108288794255066,2021-2022
9028,5.27526062537306,2021-2022
9030,4.02247523371985,2021-2022
9033,2.993689078781841,2021-2022
10000,3.9800624501111126,2021-2022
10002,3.7725586188342595,2021-2022
10005,5.030532009132417,2021-2022
10013,2.7690246091730653,2021-2022
10025,3.039660958753051,2021-2022
10041,3.1903517934340577,2021-2022
11000,4.061693662218793,2021-2022
11002,3.499723777277723,2021-2022
11010,6.453875879560216,2021-2022
11023,3.1358791734981115,2021-2022
11033,3.541288833568452,2021-2022
12000,4.215710738682871,2021-2022
12001,4.513749461152808,2021-2022
12002,2.495950581210697,2021-2022
12005,2.756616837422835,2021-2022
12010,4.381495111766552,2021-2022
12017,1.3027495563019835,2021-2022
12023,4.958031318436611,2021-2022
12027,2.1900765636969526,2021-2022
12036,3.361068564523996,2021-2022
12039,2.6818986910904092,2021-2022
12048,3.499945688250558,2021-2022
12051,2.791706071840321,2021-2022
12054,4.587033266843787,2021-2022
12058,3.3524635356038988,2021-2022
12061,4.181444477333856,2021-2022
12067,3.1863255366018897,2021-2022
12073,3.442659129960912,2021-2022
13002,4.865834621517948,2021-2022
14000,4.825891501512726,2021-2022
14005,4.6865896594114265,2021-2022
14010,4.7296510542006995,2021-2022
14015,4.251609725383601,2021-2022
14019,2.9519625815426065,2021-2022
14021,4.632692861112532,2021-2022
14022,4.877331833460555,2021-2022
14028,3.810298382113831,2021-2022
15000,3.96295397140589,2021-2022
15002,4.724095112298241,2021-2022
15005,5.402552450583381,2021-2022
15012,5.795566278364796,2021-2022
15014,3.357636914082718,2021-2022
15017,2.966558613947819,2021-2022
15021,2.964674594183999,2021-2022
15030,2.1323007192502486,2021-2022
15035,2.865362980554342,2021-2022
15041,2.032180927612564,2021-2022
16002,4.5412786236548905,2021-2022
18000,4.851839311999733,2021-2022
18001,4.873936302397765,2021-2022
18005,4.100595405650289,2021-2022
18009,4.494524423290903,2021-2022
18013,2.838383448269499,2021-2022
18017,4.233615206330688,2021-2022
18020,4.914081124165225,2021-2022
18029,3.3276772182389722,2021-2022
18039,-3.0629903912181513,2021-2022
19000,4.426252686674012,2021-2022
19028,3.234409286193518,2021-2022
19036,2.7052042627468076,2021-2022
19038,2.9092820253779297,2021-2022
19044,3.7181788169149397,2021-2022
19046,3.825914080444707,2021-2022
19048,2.825419444426177,2021-2022
19049,2.1584434172731983,2021-2022
19054,3.8111201173941316,2021-2022
19070,2.7906861873603623,2021-2022
20002,2.9372071392436814,2021-2022
21000,4.7355438972882675,2021-2022
21005,3.40815707001833,2021-2022
21010,2.870568477120259,2021-2022
21024,7.194899627637278,2021-2022
22000,3.357270748275253,2021-2022
22001,5.789009494167831,2021-2022
22005,7.138323112331077,2021-2022
22008,4.419761890238698,2021-2022
22012,3.0898746177760428,2021-2022
22014,2.1028457949787547,2021-2022
22016,2.3990399253224286,2021-2022
22019,3.2408049408580033,2021-2022
22021,9.007638750720318,2021-2022
23000,4.2842577949641045,2021-2022
23001,3.8948922125798555,2021-2022
23005,3.1516575661754795,2021-2022
23008,4.754910095727129,2021-2022
23010,5.087062364802061,2021-2022
23015,2.747136923761593,2021-2022
23020,3.1651580722890906,2021-2022
23023,4.200885125738171,2021-2022
23040,4.196288642400505,2021-2022
24000,3.40317768874415,2021-2022
24001,2.714846280844445,2021-2022
24002,2.8266207204295393,2021-2022
24009,4.9659453597873116,2021-2022
24015,3.280815920350603,2021-2022
25005,4.330433516951613,2021-2022
26000,4.191731867602046,2021-2022
26003,4.485509435361039,2021-2022
26011,4.6243776343895595,2021-2022
26014,6.4331851327818175,2021-2022
26021,4.011863809493697,2021-2022
26028,5.218397780013582,2021-2022
26032,3.592730588897,2021-2022
26037,8.14089417192095,2021-2022
26043,3.7123265368929466,2021-2022
26047,3.324416316818696,2021-2022
26053,2.569695560359609,2021-2022
26057,5.18064345554009,2021-2022
26065,3.781137207932965,2021-2022
28005,4.62246155676481,2021-2022
28030,2.730570176277135,2021-2022
29002,4.231609718959255,2021-2022
29006,3.144474838960612,2021-2022
30000,7.575033606118884,2021-2022
30001,3.9307287372228097,2021-2022
30006,5.185539479752348,2021-2022
30012,5.147451636209581,2021-2022
30016,4.81486812038638,2021-2022
30018,6.606603329381669,2021-2022
30024,6.623889517244687,2021-2022
30029,8.743346105249323,2021-2022
31000,5.901838904344782,2021-2022
31002,5.730758589256547,2021-2022
31008,6.338444136319545,2021-2022
31011,6.9240678875276895,2021-2022
31016,3.966164331112439,2021-2022
31017,4.435980328324223,2021-2022
31035,5.6194650912513335,2021-2022
32000,4.457701882129018,2021-2022
32002,3.9806819059480825,2021-2022
32004,7.117222488998998,2021-2022
32011,-6.742018147102337,2021-2022
32018,10.040050104512344,2021-2022
32027,8.64092304757988,2021-2022
32038,3.312078462551192,2021-2022
32042,3.811208590778929,2021-2022
32045,5.124573711390432,2021-2022
34000,3.84879196288188,2021-2022
34003,2.454484799506349,2021-2022
34007,3.685278291892989,2021-2022
34011,2.0738108733555025,2021-2022
34015,4.734219950473466,2021-2022
34021,3.6903127318757676,2021-2022
34024,6.794549322351758,2021-2022
34028,3.3089082687992732,2021-2022
34035,2.071935591180555,2021-2022
36003,3.6935188925922366,2021-2022
37000,3.54942910146796,2021-2022
37001,2.9701768604856444,2021-2022
37003,4.060115109683163,2021-2022
37008,4.407115746076904,2021-2022
37020,4.313313380948096,2021-2022
37025,5.0056608613142215,2021-2022
37034,3.8199902112610964,2021-2022
37039,2.272580699483431,2021-2022
37043,3.008026897384392,2021-2022
37049,3.6685252783578775,2021-2022
38000,3.2963575459124455,2021-2022
38002,1.5576550191835914,2021-2022
38005,0.2179381526424507,2021-2022
38011,3.942132239876986,2021-2022
38016,2.098910867727328,2021-2022
38018,3.3749873604368235,2021-2022
38019,2.369139286171514,2021-2022
38030,2.113897710224124,2021-2022
38031,2.1591034858300757,2021-2022
38033,4.566046084523485,2021-2022
38037,2.3486587083502917,2021-2022
38040,2.5109099714059147,2021-2022
39000,2.755052773089141,2021-2022
39002,10.414256237705558,2021-2022
39003,5.237720480594846,2021-2022
39010,3.1488529270882184,2021-2022
39013,4.283342015843368,2021-2022
39020,4.880445807232281,2021-2022
39025,2.3226681960631956,2021-2022
39036,3.7336073648547816,2021-2022
39041,2.527760666063768,2021-2022
39057,4.573764913954262,2021-2022
40000,3.058595587458962,2021-2022
40003,2.6570824128830575,2021-2022
40010,1.6396980951508322,2021-2022
40015,6.820667975898726,2021-2022
40025,3.378415963496869,2021-2022
40028,2.4090852159212655,2021-2022
40030,5.0402723528847355,2021-2022
40046,1.435901372157709,2021-2022
40048,6.2594273041041735,2021-2022
40050,6.7200641717208685,2021-2022
41000,8.141717682723911,2021-2022
41004,6.962939916931641,2021-2022
41010,4.883220952106179,2021-2022
41020,5.562851426269856,2021-2022
41030,5.95053171437782,2021-2022
41037,5.67685920726572,2021-2022
41043,6.844455711196412,2021-2022
41053,4.382704996477296,2021-2022
41061,6.3829390982838685,2021-2022
42000,4.8329153944231384,2021-2022
42004,6.456658818647898,2021-2022
42005,5.893213829310027,2021-2022
42013,5.492715021292497,2021-2022
42029,4.448528654270609,2021-2022
42031,3.491897438016498,2021-2022
42041,5.964993142349914,2021-2022
42047,4.95771525143431,2021-2022
42055,3.9736816232910512,2021-2022
42059,2.456924988075049,2021-2022
43000,3.900067993576193,2021-2022
43002,4.504825082386072,2021-2022
43013,3.445541551727297,2021-2022
43017,3.5366893133756467,2021-2022
43021,3.1022208486964997,2021-2022
43025,2.9237355185491083,2021-2022
43030,5.918173240402756,2021-2022
43031,4.106900760569257,2021-2022
43040,4.811356728964244,2021-2022
43042,3.2757229395445875,2021-2022
43047,4.4231853737624895,2021-2022
43050,4.367831495430228,2021-2022
43052,4.643014187305983,2021-2022
43064,4.083200493191769,2021-2022
43068,3.928227232948727,2021-2022
43070,4.3707199533821335,2021-2022
43072,2.951739107418281,2021-2022
43074,5.177912067606377,2021-2022
43080,4.836303419075034,2021-2022
44000,3.799251537766911,2021-2022
44002,2.3951197485171867,2021-2022
44018,4.073414195497927,2021-2022
44027,2.324653352104544,2021-2022
44042,4.227160861123424,2021-2022
44053,2.9843317764781006,2021-2022
44065,2.5330591821207356,2021-2022
46000,4.594202248962538,2021-2022
46002,2.3827069133667744,2021-2022
46011,4.174387070006748,2021-2022
46020,4.087289803068917,2021-2022
46024,4.143305460503845,2021-2022
47000,3.0510664260423535,2021-2022
47002,3.8091641223569965,2021-2022
47003,5.216040709204368,2021-2022
47007,3.190936139530593,2021-2022
47015,1.7346607544113428,2021-2022
47018,2.5172228814549302,2021-2022
47023,2.7098814221784058,2021-2022
47030,1.7219610416861992,2021-2022
47041,3.207343538578539,2021-2022
47046,2.856400673646194,2021-2022
47048,2.8292295769781974,2021-2022
47050,3.152551111249011,2021-2022
47063,2.2966655103794404,2021-2022
47064,2.479774312224538,2021-2022
47068,2.4224169592871387,2021-2022
47077,3.7198023324942486,2021-2022
47091,1.1192660110633907,2021-2022
47096,3.8212055177242847,2021-2022
47098,1.1511017537708434,2021-2022
48001,1.7802893155768773,2021-2022
48017,0.9818086263807189,2021-2022
48019,3.0961175484580936,2021-2022
48021,0.4235204142371161,2021-2022
48022,5.025887265886403,2021-2022
48026,5.849381776646715,2021-2022
48031,0.9778151943383544,2021-2022
48034,1.8574001911624145,2021-2022
48044,3.7558196352204796,2021-2022
48050,2.1529569845220187,2021-2022
48069,2.879019775771461,2021-2022
49003,2.966013357772008,2021-2022
49005,1.596978491357115,2021-2022
49012,6.577935546623326,2021-2022
49014,2.439140884316594,2021-2022
49018,4.877207114791996,2021-2022
49019,2.352437497064228,2021-2022
49022,2.3339055130484443,2021-2022
49024,2.306480437882571,2021-2022
49028,5.62715626936324,2021-2022
49031,4.436579603499958,2021-2022
49032,3.109351934984914,2021-2022
49036,4.156400242467871,2021-2022
49039,3.429957743314141,2021-2022
49041,3.243988714465403,2021-2022
49046,3.3786104795005745,2021-2022
49048,2.9882189995695434,2021-2022
49051,5.497947054979471,2021-2022
49054,4.2279091785436895,2021-2022
49056,5.862825151827475,2021-2022
49058,6.939753605589127,2021-2022
49066,2.0739950055249716,2021-2022
49071,3.736762485553107,2021-2022
51001,5.222557648044931,2021-2022
51009,2.6764592690119535,2021-2022
51011,0.4510910584300548,2021-2022
51015,1.9144663773445245,2021-2022
51021,3.620372449460013,2021-2022
51025,4.984567923357126,2021-2022
51026,3.9624343159542357,2021-2022
51028,1.4549637788512637,2021-2022
51034,-0.2708571007985868,2021-2022
52001,1.7531896187022782,2021-2022
52003,2.1516276432966266,2021-2022
52004,2.51113372506538,2021-2022
52007,0.6924836632463561,2021-2022
52019,4.124148979431882,2021-2022
52026,-0.020501067899235396,2021-2022
52028,0.9526696067829872,2021-2022
52031,3.175548031716724,2021-2022
52092,3.748478768882378,2021-2022
53005,3.3864846826944737,2021-2022
54001,0.9149448529708655,2021-2022
54006,0.9770676286484721,2021-2022
54008,2.89824348879467,2021-2022
54010,2.063476792683585,2021-2022
54014,6.758348784748951,2021-2022
54021,5.989408397824627,2021-2022
54024,4.1049094328032485,2021-2022
54026,4.390810240763938,2021-2022
54029,2.885684337579011,2021-2022
54032,37.42108911572185,2021-2022
54034,1.3358907438239662,2021-2022
54036,3.2250220983205278,2021-2022
54038,2.6012156175955496,2021-2022
54042,0.8028894602510853,2021-2022
54047,2.4779920870425323,2021-2022
54049,6.405607465447166,2021-2022
54052,-0.49822205649261664,2021-2022
54054,2.9685267371841397,2021-2022
54056,0.3808026816845634,2021-2022
54058,0.7652437562215534,2021-2022
54062,0.16111757395261156,2021-2022
54066,0.39495345455082354,2021-2022
54068,2.834529424097672,2021-2022
56014,7.6041600459339,2021-2022
56027,2.4055093561398135,2021-2022
56031,2.0169655719822495,2021-2022
56037,6.571662641445868,2021-2022
56048,4.273867030143382,2021-2022
56052,4.047089007410499,2021-2022
56056,0.6333118374207197,2021-2022
56065,1.16861081347335,2021-2022
56066,3.79083825213183,2021-2022
56070,2.9502869217458048,2021-2022
56073,2.454678088637469,2021-2022
56076,2.47510905984735,2021-2022
56077,4.677676251152653,2021-2022
57001,1.013341868309202,2021-2022
57004,7.650423627399358,2021-2022
57006,0.03583172810579762,2021-2022
57008,3.539449600725659,2021-2022
57011,3.3214321910582316,2021-2022
57014,1.5081301716664073,2021-2022
57016,2.4785976448043447,2021-2022
57019,2.4428982244348045,2021-2022
57021,1.904943505123954,2021-2022
57023,5.497158169166231,2021-2022
57028,-0.6818295613859403,2021-2022
57038,2.828298275163889,2021-2022
57039,2.618111823675377,2021-2022
57040,4.506524756132872,2021-2022
57041,3.5570946848419855,2021-2022
57051,0.8414967029713991,2021-2022
57061,3.513635621690715,2021-2022
57066,0.9937798035100059,2021-2022
57076,2.7696520070701363,2021-2022
57079,19.933797725362496,2021-2022
57091,7.404591438045154,2021-2022
57096,2.36529116299206,2021-2022
58001,3.602588253734663,2021-2022
58004,2.7374052050509183,2021-2022
58007,2.828062580197422,2021-2022
58012,7.173854081909411,2021-2022
58016,3.3593044883689775,2021-2022
58019,1.5172160667997157,2021-2022
58028,2.2641764551433328,2021-2022
58034,2.2965269326367723,2021-2022
58041,2.619102713814462,2021-2022
58051,4.08159312561855,2021-2022
58054,2.2903529469568977,2021-2022
58058,3.4453054631396154,2021-2022
58059,1.526139753561784,2021-2022
59001,2.1409500702593123,2021-2022
59011,3.5564072139247305,2021-2022
59012,2.9350153511416273,2021-2022
59016,2.6527532569216747,2021-2022
59019,9.291644062892164,2021-2022
59024,-2.0662350781941896,2021-2022
59031,4.498680718417912,2021-2022
59040,3.8283851232699098,2021-2022
59042,4.859486909088626,2021-2022
59045,0.5707998573302623,2021-2022
60008,1.2147318283738426,2021-2022
60011,2.6470416166123356,2021-2022
60021,2.7202321610123485,2021-2022
60025,1.1844038723233372,2021-2022
60034,2.670417693256013,2021-2022
60040,3.622658174356319,2021-2022
60042,1.4799457116137142,2021-2022
60049,0.6006081405198399,2021-2022
1000,5.5193629022511566,2022-2023
1002,5.278836453924919,2022-2023
1009,5.927952786654036,2022-2023
1012,5.432880824370714,2022-2023
1016,4.403416760892872,2022-2023
1026,9.454407275909366,2022-2023
1037,4.403509020225381,2022-2023
1047,3.447387946696112,2022-2023
2000,7.591131703261274,2022-2023
2001,3.292544436861742,2022-2023
2005,4.665700839457028,2022-2023
2008,4.157657416240782,2022-2023
2011,5.155925861341052,2022-2023
2030,4.808014132723082,2022-2023
2036,7.306661308679348,2022-2023
2044,7.3339009748755455,2022-2023
2048,11.29439924899034,2022-2023
6005,4.277780259764128,2022-2023
7000,8.397380936951846,2022-2023
7003,4.80166162768631,2022-2023
7006,4.692388128045583,2022-2023
7008,4.148587191090891,2022-2023
7011,5.69788754531538,2022-2023
7017,5.271224101410211,2022-2023
7019,4.633174353124622,2022-2023
7024,4.9675767150003685,2022-2023
7030,5.471287863250409,2022-2023
7033,11.46418292273701,2022-2023
7040,6.15287887961066,2022-2023
7050,4.40113964009922,2022-2023
7055,6.946920449656025,2022-2023
9000,5.71390152590722,2022-2023
9001,3.9891079902913793,2022-2023
9004,4.330071636451921,2022-2023
9007,4.491513088255402,2022-2023
9010,4.569961231862413,2022-2023
9021,5.309469617774905,2022-2023
9024,6.558834597333431,2022-2023
9028,9.118844474238893,2022-2023
9030,6.09036604102908,2022-2023
9033,6.786870771368545,2022-2023
10000,8.934164248353444,2022-2023
10002,7.515602753263212,2022-2023
10005,4.595441614429027,2022-2023
10013,3.3745930959761155,2022-2023
10025,3.6262139774509983,2022-2023
10041,4.234914387861653,2022-2023
11000,7.477422814330162,2022-2023
11002,6.2461912057432345,2022-2023
11010,3.7691038457829897,2022-2023
11023,6.19291770642199,2022-2023
11033,5.010627326784813,2022-2023
12000,6.254164149157322,2022-2023
12001,5.2942531881364685,2022-2023
12002,1.7278977437784449,2022-2023
12005,4.314332668429936,2022-2023
12010,6.819436281459866,2022-2023
12017,8.764490554295564,2022-2023
12023,6.237244920199562,2022-2023
12027,5.7225322435989225,2022-2023
12039,7.338083076500489,2022-2023
12048,4.593930980954087,2022-2023
12051,3.8988643042699307,2022-2023
12054,7.2941162659752825,2022-2023
12058,2.694953196423315,2022-2023
12061,6.564339312200477,2022-2023
12067,4.064075364462697,2022-2023
12073,5.150782947136517,2022-2023
13002,6.79730722901916,2022-2023
14000,7.816134929975403,2022-2023
14005,8.011740254433436,2022-2023
14010,7.894072823909312,2022-2023
14015,6.9402603997705095,2022-2023
14019,6.234442261054879,2022-2023
14021,6.904523138593399,2022-2023
14022,7.8078964388071,2022-2023
14028,4.601724793033628,2022-2023
15000,5.587780867968738,2022-2023
15002,5.985526557782379,2022-2023
15005,4.917139622445502,2022-2023
15012,4.8766504110224105,2022-2023
15014,3.736989069968144,2022-2023
15017,3.747507848408667,2022-2023
15021,5.12420092374437,2022-2023
15030,4.456167890721985,2022-2023
15035,3.5033487259264424,2022-2023
15041,3.201850425923606,2022-2023
16002,4.779943165277341,2022-2023
18000,5.278210060606118,2022-2023
18001,6.3628891579967,2022-2023
18005,5.859312898726735,2022-2023
18009,6.4863760741673895,2022-2023
18013,5.80155993509647,2022-2023
18017,6.3451811211987685,2022-2023
18020,7.898027538272225,2022-2023
18029,6.429907098502359,2022-2023
18039,13.877934512410414,2022-2023
19000,5.224361448120523,2022-2023
19028,2.586209212989804,2022-2023
19036,3.4824761764398193,2022-2023
19038,4.431795507912399,2022-2023
19044,6.992404570180898,2022-2023
19046,4.211552731021881,2022-2023
19048,4.122253475033702,2022-2023
19049,4.633245231759465,2022-2023
19054,7.123456099733391,2022-2023
19070,5.642440948913033,2022-2023
20002,4.734265906346346,2022-2023
21000,7.6841047897675026,2022-2023
21005,6.001418166256682,2022-2023
21010,6.3891579063057184,2022-2023
21024,5.165873796360362,2022-2023
22000,5.842838581725609,2022-2023
22001,10.18555775779682,2022-2023
22005,8.009488388438223,2022-2023
22008,5.34976333093955,2022-2023
22012,4.430735118862373,2022-2023
22014,3.9234734344685616,2022-2023
22016,4.712949591543846,2022-2023
22019,5.6780401381378915,2022-2023
22021,5.336446830278618,2022-2023
23000,6.168506901435495,2022-2023
23001,6.480291540800666,2022-2023
23005,5.389605035957021,2022-2023
23008,5.075622167581805,2022-2023
23010,5.320987677737703,2022-2023
23015,3.5917352746926223,2022-2023
23020,7.372878508496386,2022-2023
23023,6.31919397959796,2022-2023
23040,5.539184116669011,2022-2023
24000,4.798169515092561,2022-2023
24001,5.25691812708768,2022-2023
24002,7.128635233742715,2022-2023
24009,6.4420655614254,2022-2023
24015,4.686394336462512,2022-2023
26000,5.241819306744651,2022-2023
26003,3.4262294538459686,2022-2023
26011,4.907405362686977,2022-2023
26014,5.784243205848424,2022-2023
26021,1.7350627689592213,2022-2023
26028,8.226218930607464,2022-2023
26032,1.067580389327406,2022-2023
26037,8.126083803402027,2022-2023
26043,16.97391362806317,2022-2023
26047,4.871220946709117,2022-2023
26053,8.133643734815912,2022-2023
26057,7.632906878932647,2022-2023
26065,4.826689269706031,2022-2023
28005,4.778686851953575,2022-2023
28030,7.069418345573992,2022-2023
29002,8.913207346053575,2022-2023
29006,4.942378999307262,2022-2023
30000,11.137762808254918,2022-2023
30001,8.891163817981731,2022-2023
30006,8.322459059005553,2022-2023
30012,7.710859256097635,2022-2023
30016,7.2211227953968296,2022-2023
30018,7.018078164005592,2022-2023
30024,11.686680394489073,2022-2023
30029,9.669392553948576,2022-2023
31000,9.073354359446876,2022-2023
31002,7.064207359346753,2022-2023
31008,2.838246067429063,2022-2023
31011,6.197637786748526,2022-2023
31016,4.9247832367400495,2022-2023
31017,9.144879677014464,2022-2023
31035,8.912191989817082,2022-2023
32000,6.318558880048204,2022-2023
32002,5.128785634805229,2022-2023
32004,8.82220612338465,2022-2023
32011,6.415971929677217,2022-2023
32018,3.2402551701309825,2022-2023
32027,5.621413667092546,2022-2023
32038,6.913103740980123,2022-2023
32042,6.262483052321476,2022-2023
32045,5.225969278445264,2022-2023
34000,6.312529618790612,2022-2023
34003,7.757743206465547,2022-2023
34007,5.258780849305735,2022-2023
34011,4.6173740623330435,2022-2023
34015,4.323222702501691,2022-2023
34021,4.033676296316093,2022-2023
34024,7.412179563884536,2022-2023
34028,7.753941724345396,2022-2023
34035,5.217030679055953,2022-2023
36003,7.132186233176281,2022-2023
37000,6.128736824994858,2022-2023
37001,6.159533585633502,2022-2023
37003,6.167629664116082,2022-2023
37008,7.317536846361045,2022-2023
37020,4.311132960202753,2022-2023
37025,5.60304233054055,2022-2023
37034,5.580684952872808,2022-2023
37039,5.108452131383086,2022-2023
37043,3.836977559714079,2022-2023
37049,5.823237543708811,2022-2023
38000,5.217719542755351,2022-2023
38002,5.480959874927594,2022-2023
38011,4.307832049828616,2022-2023
38016,3.148002670224237,2022-2023
38018,4.807557776003071,2022-2023
38019,3.702283904766236,2022-2023
38030,2.9305135722637194,2022-2023
38031,4.867724145712374,2022-2023
38033,7.1534088518806245,2022-2023
38037,5.547782134229333,2022-2023
38040,4.900103636848811,2022-2023
39000,11.191488505439228,2022-2023
39002,6.6884353939165,2022-2023
39003,4.8382247451274285,2022-2023
39010,6.246362264203546,2022-2023
39013,7.006420362255559,2022-2023
39020,7.572593539489761,2022-2023
39025,5.935948353796583,2022-2023
39036,4.397757287030162,2022-2023
39057,6.151020091085989,2022-2023
40000,8.776538367009781,2022-2023
40003,5.101789653329957,2022-2023
40010,7.603253554873898,2022-2023
40015,26.432508170323743,2022-2023
40025,8.228840179644838,2022-2023
40028,6.780451284022472,2022-2023
40030,8.426111530241412,2022-2023
40046,7.207733121378561,2022-2023
40048,6.946139281626776,2022-2023
40050,25.820037597815908,2022-2023
41000,10.071499005951265,2022-2023
41004,10.142820369486294,2022-2023
41010,7.996990181560462,2022-2023
41020,7.773121812194585,2022-2023
41030,8.874815305271156,2022-2023
41037,7.606998400632972,2022-2023
41043,8.815929526450546,2022-2023
41053,5.433803973038545,2022-2023
41061,7.21302863792774,2022-2023
42000,3.958400643392659,2022-2023
42004,6.718765167444901,2022-2023
42005,13.525201684995775,2022-2023
42013,5.980049953258786,2022-2023
42029,5.826417656422748,2022-2023
42031,5.459790475136268,2022-2023
42041,4.870591750969636,2022-2023
42047,4.975055718063062,2022-2023
42055,4.851951562511863,2022-2023
42059,1.8119042497390194,2022-2023
43000,5.497179022799532,2022-2023
43002,12.519794183852367,2022-2023
43013,5.666813274637434,2022-2023
43017,6.666715202691965,2022-2023
43021,7.387255569068235,2022-2023
43025,4.149460673980354,2022-2023
43030,6.354431560201844,2022-2023
43031,4.918470761512723,2022-2023
43042,3.9530094005811827,2022-2023
43047,6.409355520213069,2022-2023
43050,11.966146005026696,2022-2023
43052,4.837574637166575,2022-2023
43064,8.944096966643862,2022-2023
43068,7.825720969893084,2022-2023
43072,5.261043235073614,2022-2023
43074,6.804565462806507,2022-2023
43080,5.276481404095914,2022-2023
44000,5.770762961934348,2022-2023
44002,4.305431067095482,2022-2023
44018,5.500175091216497,2022-2023
44027,5.005843132816834,2022-2023
44042,6.5309707654050015,2022-2023
44053,4.245443996102997,2022-2023
44065,5.874296510006772,2022-2023
46000,3.630800611932687,2022-2023
46002,2.540495031923455,2022-2023
46011,4.202841221392658,2022-2023
46020,3.3519109703054606,2022-2023
46024,2.8411975850170954,2022-2023
47000,6.4627200633444595,2022-2023
47002,9.248996488588014,2022-2023
47003,6.155711132316358,2022-2023
47007,6.956582542116382,2022-2023
47015,4.316362009744395,2022-2023
47018,2.156260881853201,2022-2023
47023,5.09272741690619,2022-2023
47030,4.960105758473384,2022-2023
47041,8.06714007634003,2022-2023
47046,3.8486758782049026,2022-2023
47048,4.295379582928146,2022-2023
47050,6.5384481534159224,2022-2023
47063,3.210385541812593,2022-2023
47064,3.5331580835090444,2022-2023
47068,3.2923992502437245,2022-2023
47077,5.030690264755509,2022-2023
47091,1.1846637977817078,2022-2023
47096,3.2041975557950892,2022-2023
47098,0.9595631138139675,2022-2023
48001,3.9929589354610773,2022-2023
48017,1.580857327945721,2022-2023
48019,4.117378155196602,2022-2023
48021,2.333069499941925,2022-2023
48022,5.856684557891216,2022-2023
48026,9.601561270821051,2022-2023
48031,4.907727015539678,2022-2023
48034,8.527384876354912,2022-2023
48044,4.3531812098242835,2022-2023
48050,5.838507799769196,2022-2023
48069,5.647070050253823,2022-2023
49003,6.378566038915279,2022-2023
49005,13.008442490797748,2022-2023
49012,10.100886498545252,2022-2023
49014,2.5872482173027977,2022-2023
49018,5.791294668529533,2022-2023
49019,3.4286861209539388,2022-2023
49022,3.9873449724794354,2022-2023
49024,5.52408776895219,2022-2023
49028,4.967688904855372,2022-2023
49031,5.057584977192415,2022-2023
49032,4.199128583847153,2022-2023
49036,5.113662718552642,2022-2023
49039,6.47832359489552,2022-2023
49041,4.271412265324654,2022-2023
49046,6.886683129644096,2022-2023
49048,6.17343589177788,2022-2023
49051,3.4655571398518035,2022-2023
49054,7.346422904407432,2022-2023
49056,8.281080416645132,2022-2023
49058,7.370265820914629,2022-2023
49066,8.296164944012547,2022-2023
49071,6.648025004970447,2022-2023
51011,1.2550745074388572,2022-2023
51015,-82.97223779772524,2022-2023
51021,3.862614442819221,2022-2023
51025,5.009872409687251,2022-2023
51026,3.4548025110194067,2022-2023
51028,6.569373272259914,2022-2023
51034,14.642390606434091,2022-2023
52001,3.845511956318058,2022-2023
52003,3.215493231888493,2022-2023
52004,6.457281702974933,2022-2023
52007,8.385435886140401,2022-2023
52019,4.062201531116431,2022-2023
52026,2.894745906861298,2022-2023
52028,2.847194659013424,2022-2023
52031,4.4153652630707025,2022-2023
52092,6.207883163222969,2022-2023
53005,5.042374458314394,2022-2023
54001,0.4690890933184812,2022-2023
54006,1.9939811415621487,2022-2023
54008,10.480759393259026,2022-2023
54010,2.7658684798706483,2022-2023
54014,2.4266487762517284,2022-2023
54021,3.016589287613491,2022-2023
54024,5.018971458163205,2022-2023
54026,-1.040304219347963,2022-2023
54029,3.765905664551914,2022-2023
54032,-26.305656207041284,2022-2023
54034,3.847434765956738,2022-2023
54036,2.707330015919581,2022-2023
54038,11.539735930518601,2022-2023
54042,3.9611002368461623,2022-2023
54047,3.969393442899853,2022-2023
54049,7.437034636856424,2022-2023
54052,0.3796873321780597,2022-2023
54054,4.263595614443302,2022-2023
54056,3.483649104593823,2022-2023
54058,1.902295361333963,2022-2023
54062,3.5115318467749304,2022-2023
54066,4.915658043737223,2022-2023
54068,6.662581527384372,2022-2023
56014,29.374492285392684,2022-2023
56027,3.028320339743206,2022-2023
56031,3.718767418328659,2022-2023
56037,4.939288723125286,2022-2023
56048,3.1231455338439336,2022-2023
56052,4.082171060731309,2022-2023
56056,3.480810655599463,2022-2023
56065,2.4069324843850293,2022-2023
56066,2.821701999394116,2022-2023
56070,2.792715011183097,2022-2023
56073,0.4000817835386998,2022-2023
56076,3.3350346688717067,2022-2023
56077,3.532387969202256,2022-2023
57001,-8.390342475845666,2022-2023
57004,10.17807273351589,2022-2023
57006,6.712105007786164,2022-2023
57008,4.160842524852496,2022-2023
57011,4.149731467932946,2022-2023
57014,4.093130834469729,2022-2023
57016,5.846831816761826,2022-2023
57019,4.1207099620136844,2022-2023
57021,2.099691715100027,2022-2023
57023,7.1283636610989785,2022-2023
57028,1.3917999377389143,2022-2023
57038,6.210709328113814,2022-2023
57039,4.544675719860298,2022-2023
57040,11.208973675511558,2022-2023
57041,5.38339554073182,2022-2023
57051,0.6895168034638168,2022-2023
57061,3.9979120246191266,2022-2023
57066,4.157507937565221,2022-2023
57076,2.313589875161084,2022-2023
57079,15.042813233546537,2022-2023
57091,7.591032061427018,2022-2023
57096,5.655715163662556,2022-2023
58001,4.148552461240067,2022-2023
58004,2.2626133496392824,2022-2023
58007,4.6928214074559955,2022-2023
58012,22.91968196575256,2022-2023
58016,13.104172841316025,2022-2023
58019,2.5853248490545573,2022-2023
58028,2.9945974866167107,2022-2023
58034,6.775687732228462,2022-2023
58041,4.6285541233599385,2022-2023
58051,3.036065877346424,2022-2023
58054,3.4895513508055163,2022-2023
58058,4.9307617956438134,2022-2023
58059,2.012935076520445,2022-2023
59001,4.033805784321304,2022-2023
59011,2.2679841631995705,2022-2023
59012,4.448898578115235,2022-2023
59016,4.328978902339249,2022-2023
59019,5.195631760001755,2022-2023
59024,9.40972259031244,2022-2023
59031,7.632834396363093,2022-2023
59040,7.392785589364791,2022-2023
59042,4.054819318218552,2022-2023
59045,0.7124257338850646,2022-2023
60008,3.2746984122200513,2022-2023
60011,4.823339007383411,2022-2023
60021,3.174251745354147,2022-2023
60025,2.8922890364068077,2022-2023
60034,2.218353328275526,2022-2023
60040,2.738674414349673,2022-2023
60042,1.3409918428406107,2022-2023
60049,4.3796090258749105,2022-2023
