MunID,Municipality,total_levy,year
1000,"Stormont, Dundas and Glengarry UCo",47503157,2019
1002,South Glengarry Tp,24199240,2019
1009,South Stormont Tp,19226402,2019
1012,Cornwall C,88433307,2019
1016,South Dundas Tp,18323601,2019
1026,North Dundas Tp,19046971,2019
1037,North Stormont Tp,9292387,2019
1047,North Glengarry Tp,15136977,2019
2000,Prescott and Russell UCo,44842382,2019
2001,East Hawkesbury Tp,4684056,2019
2005,Champlain Tp,12736135,2019
2008,Hawkesbury T,17920624,2019
2011,The Nation M,21130026,2019
2030,Alfred and Plantagenet Tp,13378932,2019
2036,Clarence-Rockland C,38679908,2019
2044,Casselman M,6164307,2019
2048,Russell Tp,26633922,2019
6005,Ottawa C,1430065520,2019
7000,Leeds and Grenville UCo,40402431,2019
7003,Edwardsburgh-Cardinal Tp,11263493,2019
7006,Augusta Tp,9716134,2019
7008,Prescott ST,6686956,2019
7011,Elizabethtown-Kitley Tp,12794935,2019
7015,Brockville C,44086957,2019
7017,Front of Yonge Tp,3474716,2019
7019,Leeds and the Thousand Islands Tp,22420088,2019
7024,Gananoque ST,9668472,2019
7030,Rideau Lakes Tp,23308108,2019
7033,Westport V,1617664,2019
7040,Athens Tp,3073123,2019
7050,Merrickville-Wolford V,5164901,2019
7055,North Grenville M,29749808,2019
9000,Lanark Co,34376141,2019
9001,Montague Tp,5098847,2019
9004,Smiths Falls ST,16199182,2019
9007,Drummond-North Elmsley Tp,10537209,2019
9010,Tay Valley Tp,12749905,2019
9021,Perth T,13194624,2019
9024,Beckwith Tp,10396401,2019
9028,Carleton Place T,20724511,2019
9030,Mississippi Mills M,21758899,2019
9033,Lanark Highlands Tp,9152753,2019
10000,Frontenac Co,10263158,2019
10002,Frontenac Islands Tp,4279631,2019
10005,Kingston C,256096719,2019
10013,South Frontenac Tp,31374756,2019
10025,Central Frontenac Tp,11514312,2019
10041,North Frontenac Tp,9165713,2019
11000,Lennox and Addington Co,26259126,2019
11002,Loyalist Tp,29122297,2019
11010,Greater Napanee T,26888766,2019
11023,Stone Mills Tp,11705677,2019
11033,Addington Highlands Tp,6240976,2019
12000,Hastings Co,14540931,2019
12001,Tyendinaga Tp,4917910,2019
12002,Deseronto T,1945993,2019
12005,Belleville C,87098896,2019
12010,Quinte West C,61304847,2019
12017,Stirling-Rawdon Tp,6879720,2019
12023,Centre Hastings M,6828354,2019
12027,Tweed M,6955110,2019
12036,Madoc Tp,2803675,2019
12039,Marmora and Lake M,6673887,2019
12048,Tudor and Cashel Tp,1904580,2019
12051,Limerick Tp,1638263,2019
12054,Wollaston Tp,2141630,2019
12058,Faraday Tp,4044016,2019
12061,Bancroft T,7218679,2019
12067,Carlow-Mayo Tp,1912297,2019
12073,Hastings Highlands M,11622322,2019
13002,Prince Edward County C,46690173,2019
14000,Northumberland Co,55667372,2019
14005,Brighton M,18762568,2019
14010,Cramahe Tp,11235439,2019
14015,Alnwick-Haldimand Tp,13555740,2019
14019,Hamilton Tp,18385536,2019
14021,Cobourg T,45994153,2019
14022,Port Hope M,36070454,2019
14028,Trent Hills M,24456705,2019
15000,Peterborough Co,41817444,2019
15002,Asphodel-Norwood Tp,5532188,2019
15005,Otonabee-South Monaghan Tp,10856305,2019
15012,Cavan Monaghan Tp,15317641,2019
15014,Peterborough C,162560219,2019
15017,Selwyn Tp,24625982,2019
15021,Douro-Dummer Tp,12300866,2019
15030,Havelock-Belmont-Methuen Tp,13204150,2019
15035,North Kawartha Tp,13697117,2019
15041,Trent Lakes M,21828704,2019
16002,Kawartha Lakes C,114373344,2019
18000,Durham R,566040287,2019
18001,Pickering C,212885801,2019
18005,Ajax T,214768993,2019
18009,Whitby T,266580001,2019
18013,Oshawa C,344461755,2019
18017,Clarington M,181031670,2019
18020,Scugog Tp,46438593,2019
18029,Uxbridge Tp,52336364,2019
18039,Brock Tp,23242503,2019
19000,York R,1133034977,2019
19028,Vaughan C,873494218,2019
19036,Markham C,731786830,2019
19038,Richmond Hill C,464894007,2019
19044,Whitchurch - Stouffville T,101852744,2019
19046,Aurora T,140500733,2019
19048,Newmarket T,177366451,2019
19049,King Tp,78510448,2019
19054,East Gwillimbury T,62969174,2019
19070,Georgina T,85818113,2019
20002,Toronto C,6629036215,2019
21000,Peel R,1085397862,2019
21005,Mississauga C,1716671921,2019
21010,Brampton C,1162513202,2019
21024,Caledon T,168313183,2019
22000,Dufferin Co,38499083,2019
22001,East Garafraxa Tp,5471461,2019
22005,Grand Valley T,6241203,2019
22008,Amaranth Tp,7404822,2019
22012,Mono T,19900238,2019
22014,Orangeville T,62894902,2019
22016,Mulmur Tp,8264470,2019
22019,Melancthon Tp,5819597,2019
22021,Shelburne T,12801350,2019
23000,Wellington Co,99741800,2019
23001,Puslinch Tp,24761076,2019
23005,Guelph-Eramosa Tp,28317958,2019
23008,Guelph C,306354366,2019
23010,Centre Wellington Tp,52351874,2019
23015,Erin T,26510734,2019
23020,Wellington North Tp,20579468,2019
23023,Mapleton Tp,21386190,2019
23040,Minto T,13495898,2019
24000,Halton R,396158854,2019
24001,Oakville T,526319929,2019
24002,Burlington C,395091423,2019
24009,Milton T,197650560,2019
24015,Halton Hills T,119932580,2019
25005,Hamilton C,875915443,2019
26000,Niagara R,366101726,2019
26003,Fort Erie T,59174745,2019
26011,Port Colborne C,35101187,2019
26014,Wainfleet Tp,13222392,2019
26021,West Lincoln Tp,23452297,2019
26028,Pelham T,35157449,2019
26032,Welland C,83892571,2019
26037,Thorold C,35835728,2019
26043,Niagara Falls C,178715227,2019
26047,Niagara-on-the-Lake T,57838882,2019
26053,St Catharines C,232484874,2019
26057,Lincoln T,46528599,2019
26065,Grimsby T,50521568,2019
28005,Haldimand County,83272828,2019
28030,Norfolk County,110472572,2019
29002,Brant County,69536449,2019
29006,Brantford C,197068616,2019
30000,Waterloo R,423539338,2019
30001,North Dumfries Tp,24560563,2019
30006,Cambridge C,252774394,2019
30012,Kitchener C,380888638,2019
30016,Waterloo C,244727598,2019
30018,Wilmot Tp,31123576,2019
30024,Wellesley Tp,17597854,2019
30029,Woolwich Tp,48604044,2019
31000,Perth Co,15523530,2019
31002,Perth East Tp,15405546,2019
31008,Perth South Tp,7134782,2019
31011,Stratford C,71862962,2019
31016,St Marys ST,14750276,2019
31017,West Perth M,14734701,2019
31035,North Perth M,23902851,2019
32000,Oxford Co,59435657,2019
32002,Norwich Tp,16773342,2019
32004,Tillsonburg T,28199568,2019
32011,South-West Oxford Tp,13086774,2019
32018,Ingersoll T,24664154,2019
32027,Zorra Tp,17790760,2019
32038,East Zorra - Tavistock Tp,13190338,2019
32042,Woodstock C,96625187,2019
32045,Blandford - Blenheim Tp,13654762,2019
34000,Elgin Co,35090214,2019
34003,Bayham M,10032265,2019
34007,Malahide Tp,15467858,2019
34011,Aylmer T,11250900,2019
34015,Central Elgin M,27482549,2019
34021,St Thomas C,63854150,2019
34024,Southwold Tp,8438218,2019
34028,Dutton-Dunwich M,7379085,2019
34035,West Elgin M,8120457,2019
36003,Chatham-Kent M,160723341,2019
37000,Essex Co,102379945,2019
37001,Pelee Tp,1922183,2019
37003,Leamington M,45496800,2019
37008,Kingsville T,35080570,2019
37020,Essex T,29800058,2019
37025,Amherstburg T,39711998,2019
37034,LaSalle T,59664452,2019
37039,Windsor C,404391225,2019
37043,Tecumseh T,49484875,2019
37049,Lakeshore T,68285256,2019
38000,Lambton Co,76745091,2019
38002,St Clair Tp,33170805,2019
38005,Dawn-Euphemia Tp,8555422,2019
38011,Brooke-Alvinston M,5622431,2019
38016,Enniskillen Tp,5203300,2019
38018,Oil Springs V,724224,2019
38019,Petrolia T,9476532,2019
38030,Sarnia C,136650500,2019
38031,Point Edward V,5934702,2019
38033,Plympton-Wyoming T,15614965,2019
38037,Lambton Shores M,27785067,2019
38040,Warwick Tp,6023550,2019
39000,Middlesex Co,41329035,2019
39002,Newbury V,477786,2019
39003,Southwest Middlesex M,9307512,2019
39010,Adelaide-Metcalfe Tp,7909445,2019
39013,Strathroy-Caradoc M,34434490,2019
39020,Middlesex Centre M,37322528,2019
39025,Thames Centre M,24345323,2019
39036,London C,747740722,2019
39041,North Middlesex M,13495716,2019
39057,Lucan Biddulph Tp,8079049,2019
40000,Huron Co,41690634,2019
40003,South Huron M,19643878,2019
40010,Bluewater M,19512093,2019
40015,Huron East M,13359416,2019
40025,Central Huron M,14795077,2019
40028,Goderich T,14908383,2019
40030,Ashfield-Colborne-Wawanosh Tp,11812287,2019
40046,Howick Tp,6263557,2019
40048,Morris-Turnberry M,6694845,2019
40050,North Huron Tp,7368274,2019
41000,Bruce Co,46823834,2019
41004,South Bruce M,8608737,2019
41010,Huron-Kinloss Tp,15797925,2019
41020,Kincardine M,29757573,2019
41030,Brockton M,15472429,2019
41037,Arran-Elderslie M,9205143,2019
41043,Saugeen Shores T,31714724,2019
41053,The South Bruce Peninsula T,21120265,2019
41061,Northern Bruce Peninsula M,14958059,2019
42000,Grey Co,56592302,2019
42004,West Grey M,18810476,2019
42005,Southgate Tp,11757043,2019
42013,Grey Highlands M,21507969,2019
42029,Hanover T,12027023,2019
42031,Chatsworth Tp,10235345,2019
42041,The Blue Mountains T,39496267,2019
42047,Meaford M,22902889,2019
42055,Georgian Bluffs Tp,19733360,2019
42059,Owen Sound C,44570419,2019
43000,Simcoe Co,166021950,2019
43002,Adjala-Tosorontio Tp,14895962,2019
43013,Bradford West Gwillimbury T,59772833,2019
43017,Innisfil T,83700481,2019
43021,Essa Tp,20738235,2019
43025,New Tecumseth T,71368275,2019
43030,Clearview Tp,27551268,2019
43031,Collingwood T,57068028,2019
43040,Springwater Tp,29847323,2019
43042,Barrie C,305520408,2019
43047,Oro-Medonte Tp,42365139,2019
43050,Ramara Tp,22700005,2019
43052,Orillia C,67652720,2019
43064,Wasaga Beach T,43957716,2019
43068,Tiny Tp,28937661,2019
43070,Tay Tp,15500146,2019
43072,Penetanguishene T,16025100,2019
43074,Midland T,33597891,2019
43080,Severn Tp,23008450,2019
44000,Muskoka D,75185821,2019
44002,Gravenhurst T,32362808,2019
44018,Bracebridge T,31196784,2019
44027,Lake of Bays Tp,19410659,2019
44042,Huntsville T,35308596,2019
44053,Muskoka Lakes Tp,56865788,2019
44065,Georgian Bay Tp,17673245,2019
46000,Haliburton Co,17844498,2019
46002,Highlands East M,10708950,2019
46011,Minden Hills Tp,17372602,2019
46020,Algonquin Highlands Tp,11451508,2019
46024,Dysart et al Tp,22140714,2019
47000,Renfrew Co,41658960,2019
47002,Arnprior T,15646309,2019
47003,McNab-Braeside Tp,10835044,2019
47007,Greater Madawaska Tp,7389906,2019
47015,Bonnechere Valley Tp,5980557,2019
47018,"Brudenell, Lyndoch and Raglan Tp",2462980,2019
47023,Madawaska Valley Tp,8140426,2019
47030,"Killaloe, Hagarty and Richards Tp",4289140,2019
47041,Admaston-Bromley Tp,4159202,2019
47046,Horton Tp,4997253,2019
47048,Renfrew T,13646978,2019
47050,Whitewater Region Tp,10569734,2019
47063,Laurentian Valley Tp,13348574,2019
47064,Pembroke C,24003612,2019
47068,North Algona-Wilberforce Tp,5449530,2019
47077,Petawawa T,14962512,2019
47091,Laurentian Hills T,5716995,2019
47096,Deep River T,6567261,2019
47098,"Head, Clara and Maria Tp",2564016,2019
48001,South Algonquin Tp,2710334,2019
48017,Papineau-Cameron Tp,2103699,2019
48019,Mattawan M,395033,2019
48021,Mattawa T,2473800,2019
48022,Calvin Tp,1654354,2019
48026,Bonfield Tp,3332512,2019
48031,Chisholm Tp,1847565,2019
48034,East Ferris M,6839065,2019
48044,North Bay C,102941631,2019
48050,West Nipissing M,19839925,2019
48069,Temagami M,5771962,2019
49003,Seguin Tp,17782359,2019
49005,The Archipelago Tp,6950441,2019
49012,McMurrich-Monteith Tp,1816137,2019
49014,Perry Tp,3972771,2019
49018,Kearney T,3627572,2019
49019,Armour Tp,3419852,2019
49022,Burk's Falls V,1496067,2019
49024,Ryerson Tp,2279276,2019
49028,McKellar Tp,4238471,2019
49031,McDougall Tp,5455808,2019
49032,Parry Sound T,13190830,2019
49036,Carling Tp,6520059,2019
49039,Whitestone M,3686845,2019
49041,Magnetawan M,5829045,2019
49046,Strong Tp,3285976,2019
49048,Sundridge V,1926300,2019
49051,Joly Tp,767910,2019
49054,Machar Tp,2297760,2019
49056,South River V,1270991,2019
49058,Powassan M,3928797,2019
49066,Callander M,6488893,2019
49071,Nipissing Tp,3225741,2019
51001,Tehkummah Tp,1247839,2019
51009,Central Manitoulin M,5248648,2019
51011,Assiginack Tp,3031628,2019
51015,Northeastern Manitoulin & The Isl T,5697265,2019
51021,Billings Tp,2039466,2019
51025,Gordon-Barrie Island M,1286772,2019
51026,Gore Bay T,1301590,2019
51028,Burpee and Mills Tp,776230,2019
51034,Cockburn Island Tp,127752,2019
52001,French River M,5828945,2019
52003,Killarney M,2087494,2019
52004,St-Charles M,2613018,2019
52007,Markstay-Warren M,3831163,2019
52019,Sables-Spanish Rivers Tp,4585385,2019
52026,Espanola T,8574048,2019
52028,Baldwin Tp,757288,2019
52031,Nairn and Hyman Tp,987736,2019
52092,Chapleau Tp,2764858,2019
53005,Greater Sudbury C,284838035,2019
54001,Coleman Tp,1842471,2019
54006,Latchford T,1231627,2019
54008,Cobalt T,649809,2019
54010,Temiskaming Shores C,16065170,2019
54014,Harris Tp,561603,2019
54021,Hudson Tp,833627,2019
54024,Kerns Tp,694638,2019
54026,Harley Tp,830926,2019
54029,Casey Tp,521852,2019
54032,Brethour Tp,166240,2019
54034,Hilliard Tp,322512,2019
54036,Armstrong Tp,1789960,2019
54038,Thornloe V,95120,2019
54042,James Tp,847734,2019
54047,Charlton-Dack M,749588,2019
54049,Evanturel Tp,838415,2019
54052,Englehart T,2080847,2019
54054,Chamberlain Tp,844542,2019
54056,Matachewan Tp,454636,2019
54058,McGarry Tp,809390,2019
54062,Larder Lake Tp,1344177,2019
54066,Gauthier Tp,238399,2019
54068,Kirkland Lake T,12170916,2019
56014,Black River - Matheson Tp,5148973,2019
56027,Timmins C,82331089,2019
56031,Iroquois Falls T,8755236,2019
56037,Cochrane T,7669004,2019
56048,Smooth Rock Falls T,2801074,2019
56052,Fauquier-Strickland Tp,1024161,2019
56056,Moonbeam Tp,2753101,2019
56065,Moosonee T,2002460,2019
56066,Kapuskasing T,12681689,2019
56070,Val Rita-Harty Tp,1635137,2019
56073,Opasatika Tp,938704,2019
56076,Hearst T,7800989,2019
56077,Mattice - Val Cote Tp,1631106,2019
57001,Jocelyn Tp,832831,2019
57004,Hilton Tp,712819,2019
57006,Hilton Beach V,393148,2019
57008,St Joseph Tp,2344452,2019
57011,Laird Tp,1669724,2019
57014,Tarbutt Tp,1085281,2019
57016,Johnson Tp,1760964,2019
57019,Plummer Additional Tp,1438552,2019
57021,Bruce Mines T,843846,2019
57023,Huron Shores M,3600508,2019
57028,Thessalon T,1567296,2019
57038,Blind River T,6388871,2019
57039,Spanish T,730685,2019
57040,The North Shore Tp,925733,2019
57041,Elliot Lake C,12165429,2019
57051,Macdonald Meredith et al Tp,2464793,2019
57061,Sault Ste Marie C,130311639,2019
57066,Prince Tp,1547685,2019
57076,Wawa M,5124915,2019
57079,Dubreuilville Tp,1053168,2019
57091,White River Tp,1351537,2019
57096,Hornepayne Tp,1798122,2019
58001,Neebing M,3088700,2019
58004,Thunder Bay C,194676957,2019
58007,Oliver Paipoonge M,9181258,2019
58012,Gillies Tp,492158,2019
58016,O'Connor Tp,867918,2019
58019,Conmee Tp,990166,2019
58028,Shuniah M,5994226,2019
58034,Dorion Tp,611992,2019
58041,Red Rock Tp,1623846,2019
58044,Nipigon Tp,2100598,2019
58051,Schreiber Tp,1899007,2019
58054,Terrace Bay Tp,3532781,2019
58058,Greenstone M,17308737,2019
58059,Marathon T,5273103,2019
58066,Manitouwadge Tp,4166349,2019
59001,Atikokan Tp,8042467,2019
59011,Alberton Tp,1111673,2019
59012,Fort Frances T,12536108,2019
59016,La Vallee Tp,1075508,2019
59019,Emo Tp,1935891,2019
59024,Chapple Tp,2048211,2019
59031,Morley Tp,619280,2019
59040,Dawson Tp,587861,2019
59042,Rainy River T,744841,2019
59045,Lake of The Woods Tp,792801,2019
60001,Ignace Tp,2313458,2019
60008,Sioux Narrows-Nestor Falls Tp,3314017,2019
60011,Kenora C,30366093,2019
60021,Machin Tp,2523801,2019
60025,Dryden C,16612922,2019
60034,Sioux Lookout M,11623916,2019
60040,Red Lake M,10649669,2019
60042,Ear Falls Tp,2213218,2019
60049,Pickle Lake Tp,717670,2019
1000,"Stormont, Dundas and Glengarry UCo",50215459,2020
1002,South Glengarry Tp,25148704,2020
1009,South Stormont Tp,20188553,2020
1012,Cornwall C,89400214,2020
1016,South Dundas Tp,19052318,2020
1026,North Dundas Tp,20258052,2020
1037,North Stormont Tp,9790434,2020
1047,North Glengarry Tp,15837881,2020
2000,Prescott and Russell UCo,47327817,2020
2001,East Hawkesbury Tp,4980925,2020
2005,Champlain Tp,13302790,2020
2008,Hawkesbury T,18253748,2020
2011,The Nation M,22341979,2020
2030,Alfred and Plantagenet Tp,13977291,2020
2036,Clarence-Rockland C,40167380,2020
2044,Casselman M,6391606,2020
2048,Russell Tp,28651477,2020
6005,Ottawa C,1473497602,2020
7000,Leeds and Grenville UCo,41670548,2020
7003,Edwardsburgh-Cardinal Tp,11644614,2020
7006,Augusta Tp,9990765,2020
7008,Prescott ST,6653407,2020
7011,Elizabethtown-Kitley Tp,13113972,2020
7015,Brockville C,44233635,2020
7017,Front of Yonge Tp,3564842,2020
7019,Leeds and the Thousand Islands Tp,23500303,2020
7024,Gananoque ST,9848594,2020
7030,Rideau Lakes Tp,24070820,2020
7033,Westport V,1664090,2020
7040,Athens Tp,3129781,2020
7050,Merrickville-Wolford V,5342136,2020
7055,North Grenville M,31100772,2020
9000,Lanark Co,35560389,2020
9001,Montague Tp,5291913,2020
9004,Smiths Falls ST,16743817,2020
9007,Drummond-North Elmsley Tp,10733512,2020
9010,Tay Valley Tp,13074534,2020
9021,Perth T,13398414,2020
9024,Beckwith Tp,10672002,2020
9028,Carleton Place T,21628684,2020
9030,Mississippi Mills M,22621640,2020
9033,Lanark Highlands Tp,9317621,2020
10000,Frontenac Co,10770960,2020
10002,Frontenac Islands Tp,4433303,2020
10005,Kingston C,265215634,2020
10013,South Frontenac Tp,32088950,2020
10025,Central Frontenac Tp,12261461,2020
10041,North Frontenac Tp,9389267,2020
11000,Lennox and Addington Co,27560895,2020
11002,Loyalist Tp,31447891,2020
11010,Greater Napanee T,28176647,2020
11023,Stone Mills Tp,12131016,2020
11033,Addington Highlands Tp,6478439,2020
12000,Hastings Co,15522295,2020
12001,Tyendinaga Tp,5280545,2020
12002,Deseronto T,1980175,2020
12005,Belleville C,89458400,2020
12010,Quinte West C,64104016,2020
12017,Stirling-Rawdon Tp,7388308,2020
12023,Centre Hastings M,7327407,2020
12027,Tweed M,7162036,2020
12036,Madoc Tp,2882037,2020
12039,Marmora and Lake M,7395695,2020
12048,Tudor and Cashel Tp,2045683,2020
12051,Limerick Tp,1783231,2020
12054,Wollaston Tp,2237183,2020
12058,Faraday Tp,4232986,2020
12061,Bancroft T,7548423,2020
12067,Carlow-Mayo Tp,1980643,2020
12073,Hastings Highlands M,11993999,2020
13002,Prince Edward County C,48610160,2020
14000,Northumberland Co,58118327,2020
14005,Brighton M,19880668,2020
14010,Cramahe Tp,11688071,2020
14015,Alnwick-Haldimand Tp,14497158,2020
14019,Hamilton Tp,19018471,2020
14021,Cobourg T,46890492,2020
14022,Port Hope M,36926680,2020
14028,Trent Hills M,25550984,2020
15000,Peterborough Co,44447698,2020
15002,Asphodel-Norwood Tp,5933845,2020
15005,Otonabee-South Monaghan Tp,11576943,2020
15012,Cavan Monaghan Tp,17233637,2020
15014,Peterborough C,166595833,2020
15017,Selwyn Tp,25566641,2020
15021,Douro-Dummer Tp,13088044,2020
15030,Havelock-Belmont-Methuen Tp,13679017,2020
15035,North Kawartha Tp,14000926,2020
15041,Trent Lakes M,22583692,2020
16002,Kawartha Lakes C,119583021,2020
18000,Durham R,593375365,2020
18001,Pickering C,221769225,2020
18005,Ajax T,223702855,2020
18009,Whitby T,283469149,2020
18013,Oshawa C,354346589,2020
18017,Clarington M,188816526,2020
18020,Scugog Tp,47910606,2020
18029,Uxbridge Tp,54305403,2020
18039,Brock Tp,23903451,2020
19000,York R,1183352891,2020
19028,Vaughan C,900844873,2020
19036,Markham C,756664023,2020
19038,Richmond Hill C,486356326,2020
19044,Whitchurch - Stouffville T,107376230,2020
19046,Aurora T,147213323,2020
19048,Newmarket T,183310426,2020
19049,King Tp,82220598,2020
19054,East Gwillimbury T,69369988,2020
19070,Georgina T,90095566,2020
20002,Toronto C,6789874119,2020
21000,Peel R,1135025972,2020
21005,Mississauga C,1776481477,2020
21010,Brampton C,1191666723,2020
21024,Caledon T,176120626,2020
22000,Dufferin Co,39965028,2020
22001,East Garafraxa Tp,5877882,2020
22005,Grand Valley T,6566517,2020
22008,Amaranth Tp,8240361,2020
22012,Mono T,20556713,2020
22014,Orangeville T,64430803,2020
22016,Mulmur Tp,8567974,2020
22019,Melancthon Tp,6042073,2020
22021,Shelburne T,13556361,2020
23000,Wellington Co,105612802,2020
23001,Puslinch Tp,26219023,2020
23005,Guelph-Eramosa Tp,29533839,2020
23008,Guelph C,318947126,2020
23010,Centre Wellington Tp,54659860,2020
23015,Erin T,27673817,2020
23020,Wellington North Tp,21629555,2020
23023,Mapleton Tp,23116283,2020
23040,Minto T,14201256,2020
24000,Halton R,411314122,2020
24001,Oakville T,545577413,2020
24002,Burlington C,408784432,2020
24009,Milton T,208005321,2020
24015,Halton Hills T,125748239,2020
25005,Hamilton C,913908433,2020
26000,Niagara R,393020901,2020
26003,Fort Erie T,61272853,2020
26011,Port Colborne C,36660757,2020
26014,Wainfleet Tp,14281699,2020
26021,West Lincoln Tp,25348540,2020
26028,Pelham T,37799820,2020
26032,Welland C,89476093,2020
26037,Thorold C,38191851,2020
26043,Niagara Falls C,187145095,2020
26047,Niagara-on-the-Lake T,61730120,2020
26053,St Catharines C,241023675,2020
26057,Lincoln T,50189983,2020
26065,Grimsby T,55387853,2020
28005,Haldimand County,85724274,2020
28030,Norfolk County,121704164,2020
29002,Brant County,72823047,2020
29006,Brantford C,201384285,2020
30000,Waterloo R,445184683,2020
30001,North Dumfries Tp,24739270,2020
30006,Cambridge C,261699550,2020
30012,Kitchener C,394083594,2020
30016,Waterloo C,257713728,2020
30018,Wilmot Tp,32527060,2020
30024,Wellesley Tp,18703255,2020
30029,Woolwich Tp,48245892,2020
31000,Perth Co,16475968,2020
31002,Perth East Tp,16092342,2020
31008,Perth South Tp,7507584,2020
31011,Stratford C,74878915,2020
31016,St Marys ST,15145853,2020
31017,West Perth M,15587207,2020
31035,North Perth M,25443544,2020
32000,Oxford Co,62898951,2020
32002,Norwich Tp,17862238,2020
32004,Tillsonburg T,29426667,2020
32011,South-West Oxford Tp,13526608,2020
32018,Ingersoll T,25292233,2020
32027,Zorra Tp,18712190,2020
32038,East Zorra - Tavistock Tp,14153334,2020
32042,Woodstock C,100240570,2020
32045,Blandford - Blenheim Tp,14501955,2020
34000,Elgin Co,37299674,2020
34003,Bayham M,10656418,2020
34007,Malahide Tp,16291265,2020
34011,Aylmer T,11822081,2020
34015,Central Elgin M,28768473,2020
34021,St Thomas C,66147271,2020
34024,Southwold Tp,8945084,2020
34028,Dutton-Dunwich M,7911763,2020
34035,West Elgin M,8446896,2020
36003,Chatham-Kent M,168332019,2020
37000,Essex Co,109187485,2020
37001,Pelee Tp,1943981,2020
37003,Leamington M,48915340,2020
37008,Kingsville T,37318174,2020
37020,Essex T,30859516,2020
37025,Amherstburg T,40907646,2020
37034,LaSalle T,63359357,2020
37039,Windsor C,415567873,2020
37043,Tecumseh T,51444387,2020
37049,Lakeshore T,73002618,2020
38000,Lambton Co,80174884,2020
38002,St Clair Tp,34378156,2020
38005,Dawn-Euphemia Tp,8721693,2020
38011,Brooke-Alvinston M,5884503,2020
38016,Enniskillen Tp,5671288,2020
38018,Oil Springs V,778867,2020
38019,Petrolia T,9939231,2020
38030,Sarnia C,139598146,2020
38031,Point Edward V,6292726,2020
38033,Plympton-Wyoming T,16729880,2020
38037,Lambton Shores M,29126153,2020
38040,Warwick Tp,6537113,2020
39000,Middlesex Co,44507152,2020
39002,Newbury V,491420,2020
39003,Southwest Middlesex M,10000711,2020
39010,Adelaide-Metcalfe Tp,8371308,2020
39013,Strathroy-Caradoc M,36703008,2020
39020,Middlesex Centre M,39992705,2020
39025,Thames Centre M,25513103,2020
39036,London C,785501874,2020
39041,North Middlesex M,14571893,2020
39057,Lucan Biddulph Tp,8860783,2020
40000,Huron Co,43775217,2020
40003,South Huron M,20776257,2020
40010,Bluewater M,20419114,2020
40015,Huron East M,14658690,2020
40025,Central Huron M,15009286,2020
40028,Goderich T,15126873,2020
40030,Ashfield-Colborne-Wawanosh Tp,12394261,2020
40046,Howick Tp,6633372,2020
40048,Morris-Turnberry M,7445121,2020
40050,North Huron Tp,7871710,2020
41000,Bruce Co,49852934,2020
41004,South Bruce M,9061195,2020
41010,Huron-Kinloss Tp,16836597,2020
41020,Kincardine M,31778789,2020
41030,Brockton M,16669960,2020
41037,Arran-Elderslie M,9629923,2020
41043,Saugeen Shores T,33971614,2020
41053,The South Bruce Peninsula T,21854500,2020
41061,Northern Bruce Peninsula M,15453442,2020
42000,Grey Co,59172351,2020
42004,West Grey M,19567089,2020
42005,Southgate Tp,13029723,2020
42013,Grey Highlands M,22733284,2020
42029,Hanover T,12394453,2020
42031,Chatsworth Tp,10486330,2020
42041,The Blue Mountains T,41401008,2020
42047,Meaford M,23811581,2020
42055,Georgian Bluffs Tp,20246509,2020
42059,Owen Sound C,45304570,2020
43000,Simcoe Co,173822262,2020
43002,Adjala-Tosorontio Tp,15479739,2020
43013,Bradford West Gwillimbury T,61783501,2020
43017,Innisfil T,89420291,2020
43021,Essa Tp,22152121,2020
43025,New Tecumseth T,74732955,2020
43030,Clearview Tp,28492410,2020
43031,Collingwood T,59077174,2020
43040,Springwater Tp,31420333,2020
43042,Barrie C,317389460,2020
43047,Oro-Medonte Tp,44601013,2020
43050,Ramara Tp,21801226,2020
43052,Orillia C,70944194,2020
43064,Wasaga Beach T,46254330,2020
43068,Tiny Tp,30029636,2020
43070,Tay Tp,15977822,2020
43072,Penetanguishene T,16685090,2020
43074,Midland T,34960334,2020
43080,Severn Tp,24487825,2020
44000,Muskoka D,77804969,2020
44002,Gravenhurst T,33321879,2020
44018,Bracebridge T,32237303,2020
44027,Lake of Bays Tp,19698492,2020
44042,Huntsville T,37353567,2020
44053,Muskoka Lakes Tp,57860893,2020
44065,Georgian Bay Tp,18011045,2020
46000,Haliburton Co,18740265,2020
46002,Highlands East M,11253059,2020
46011,Minden Hills Tp,17971619,2020
46020,Algonquin Highlands Tp,11844083,2020
46024,Dysart et al Tp,23080726,2020
47000,Renfrew Co,43211039,2020
47002,Arnprior T,16125816,2020
47003,McNab-Braeside Tp,11340545,2020
47007,Greater Madawaska Tp,7543333,2020
47015,Bonnechere Valley Tp,6167626,2020
47018,"Brudenell, Lyndoch and Raglan Tp",2559968,2020
47023,Madawaska Valley Tp,8291308,2020
47030,"Killaloe, Hagarty and Richards Tp",4415376,2020
47041,Admaston-Bromley Tp,4353635,2020
47046,Horton Tp,5102911,2020
47048,Renfrew T,13902520,2020
47050,Whitewater Region Tp,10880080,2020
47063,Laurentian Valley Tp,13665589,2020
47064,Pembroke C,24264067,2020
47068,North Algona-Wilberforce Tp,5674742,2020
47077,Petawawa T,15700855,2020
47091,Laurentian Hills T,5859329,2020
47096,Deep River T,6864969,2020
47098,"Head, Clara and Maria Tp",2562333,2020
48001,South Algonquin Tp,2788603,2020
48017,Papineau-Cameron Tp,2152147,2020
48019,Mattawan M,413902,2020
48021,Mattawa T,2545818,2020
48022,Calvin Tp,1599975,2020
48026,Bonfield Tp,3367852,2020
48031,Chisholm Tp,1896129,2020
48034,East Ferris M,6938985,2020
48044,North Bay C,107053845,2020
48050,West Nipissing M,20758597,2020
48069,Temagami M,5835695,2020
49003,Seguin Tp,18133256,2020
49005,The Archipelago Tp,6888766,2020
49012,McMurrich-Monteith Tp,1844795,2020
49014,Perry Tp,4021939,2020
49018,Kearney T,3741665,2020
49019,Armour Tp,3505791,2020
49022,Burk's Falls V,1532142,2020
49024,Ryerson Tp,2338661,2020
49028,McKellar Tp,4381626,2020
49031,McDougall Tp,5605704,2020
49032,Parry Sound T,13625083,2020
49036,Carling Tp,6772521,2020
49039,Whitestone M,3844876,2020
49041,Magnetawan M,6177698,2020
49046,Strong Tp,3289949,2020
49048,Sundridge V,1949034,2020
49051,Joly Tp,787172,2020
49054,Machar Tp,2424509,2020
49056,South River V,1296102,2020
49058,Powassan M,4045051,2020
49066,Callander M,6690539,2020
49071,Nipissing Tp,3323438,2020
51001,Tehkummah Tp,1287790,2020
51009,Central Manitoulin M,5496132,2020
51011,Assiginack Tp,3117968,2020
51015,Northeastern Manitoulin & The Isl T,5890581,2020
51021,Billings Tp,2146924,2020
51025,Gordon-Barrie Island M,1348113,2020
51026,Gore Bay T,1334052,2020
51028,Burpee and Mills Tp,804756,2020
51034,Cockburn Island Tp,133651,2020
52001,French River M,5919166,2020
52003,Killarney M,2177294,2020
52004,St-Charles M,2700582,2020
52007,Markstay-Warren M,3909565,2020
52019,Sables-Spanish Rivers Tp,4718484,2020
52026,Espanola T,8551441,2020
52028,Baldwin Tp,771938,2020
52031,Nairn and Hyman Tp,998261,2020
52092,Chapleau Tp,2849753,2020
53005,Greater Sudbury C,293768631,2020
54001,Coleman Tp,1874424,2020
54006,Latchford T,1232839,2020
54008,Cobalt T,667949,2020
54010,Temiskaming Shores C,16291851,2020
54014,Harris Tp,594843,2020
54021,Hudson Tp,858606,2020
54024,Kerns Tp,741644,2020
54026,Harley Tp,898526,2020
54029,Casey Tp,534272,2020
54032,Brethour Tp,182473,2020
54034,Hilliard Tp,347532,2020
54036,Armstrong Tp,1847462,2020
54038,Thornloe V,95041,2020
54042,James Tp,849606,2020
54047,Charlton-Dack M,761706,2020
54049,Evanturel Tp,848100,2020
54052,Englehart T,2156849,2020
54054,Chamberlain Tp,894113,2020
54056,Matachewan Tp,462577,2020
54058,McGarry Tp,841274,2020
54062,Larder Lake Tp,1413322,2020
54066,Gauthier Tp,264061,2020
54068,Kirkland Lake T,13182723,2020
56014,Black River - Matheson Tp,5311300,2020
56027,Timmins C,82709581,2020
56031,Iroquois Falls T,8992776,2020
56037,Cochrane T,7683051,2020
56048,Smooth Rock Falls T,2792217,2020
56052,Fauquier-Strickland Tp,1085986,2020
56056,Moonbeam Tp,2815750,2020
56065,Moosonee T,2087243,2020
56066,Kapuskasing T,12679257,2020
56070,Val Rita-Harty Tp,1687863,2020
56073,Opasatika Tp,961985,2020
56076,Hearst T,8019270,2020
56077,Mattice - Val Cote Tp,1690858,2020
57001,Jocelyn Tp,843692,2020
57004,Hilton Tp,750524,2020
57006,Hilton Beach V,392797,2020
57008,St Joseph Tp,2405420,2020
57011,Laird Tp,1788979,2020
57014,Tarbutt Tp,1128899,2020
57016,Johnson Tp,1581775,2020
57019,Plummer Additional Tp,1546709,2020
57021,Bruce Mines T,864457,2020
57023,Huron Shores M,3844287,2020
57028,Thessalon T,1615311,2020
57038,Blind River T,6780798,2020
57039,Spanish T,739694,2020
57040,The North Shore Tp,965010,2020
57041,Elliot Lake C,12618597,2020
57051,Macdonald Meredith et al Tp,2591855,2020
57061,Sault Ste Marie C,133735664,2020
57066,Prince Tp,1653928,2020
57076,Wawa M,5249868,2020
57079,Dubreuilville Tp,1057937,2020
57091,White River Tp,1425830,2020
57096,Hornepayne Tp,1905148,2020
58001,Neebing M,3109655,2020
58004,Thunder Bay C,200498137,2020
58007,Oliver Paipoonge M,9651859,2020
58012,Gillies Tp,503161,2020
58016,O'Connor Tp,884925,2020
58019,Conmee Tp,1070466,2020
58028,Shuniah M,6245486,2020
58034,Dorion Tp,615446,2020
58041,Red Rock Tp,1446712,2020
58044,Nipigon Tp,2099752,2020
58051,Schreiber Tp,2077778,2020
58054,Terrace Bay Tp,3576253,2020
58058,Greenstone M,17587912,2020
58059,Marathon T,5355303,2020
58066,Manitouwadge Tp,4280070,2020
59001,Atikokan Tp,8254638,2020
59011,Alberton Tp,1112328,2020
59012,Fort Frances T,13128146,2020
59016,La Vallee Tp,1141055,2020
59019,Emo Tp,1914815,2020
59024,Chapple Tp,2162794,2020
59031,Morley Tp,652746,2020
59040,Dawson Tp,634375,2020
59042,Rainy River T,759641,2020
59045,Lake of The Woods Tp,824984,2020
60001,Ignace Tp,2391320,2020
60008,Sioux Narrows-Nestor Falls Tp,3450724,2020
60011,Kenora C,30945030,2020
60021,Machin Tp,2588119,2020
60025,Dryden C,16555884,2020
60034,Sioux Lookout M,11973898,2020
60040,Red Lake M,10402083,2020
60042,Ear Falls Tp,2225957,2020
60049,Pickle Lake Tp,763009,2020
1000,"Stormont, Dundas and Glengarry UCo",50248430,2021
1002,South Glengarry Tp,24468427,2021
1009,South Stormont Tp,20078770,2021
1012,Cornwall C,89001607,2021
1016,South Dundas Tp,18748537,2021
1026,North Dundas Tp,19871790,2021
1037,North Stormont Tp,9899770,2021
1047,North Glengarry Tp,15707307,2021
2000,Prescott and Russell UCo,48715709,2021
2001,East Hawkesbury Tp,5036446,2021
2005,Champlain Tp,13539187,2021
2008,Hawkesbury T,18237413,2021
2011,The Nation M,22657000,2021
2030,Alfred and Plantagenet Tp,14184500,2021
2036,Clarence-Rockland C,41488134,2021
2044,Casselman M,6505752,2021
2048,Russell Tp,29900396,2021
6005,Ottawa C,1479483062,2021
7000,Leeds and Grenville UCo,41873989,2021
7003,Edwardsburgh-Cardinal Tp,11515732,2021
7006,Augusta Tp,9976385,2021
7008,Prescott ST,6556611,2021
7011,Elizabethtown-Kitley Tp,13031592,2021
7015,Brockville C,43241869,2021
7017,Front of Yonge Tp,3594435,2021
7019,Leeds and the Thousand Islands Tp,23021625,2021
7024,Gananoque ST,10148817,2021
7030,Rideau Lakes Tp,24181733,2021
7033,Westport V,1603054,2021
7040,Athens Tp,3113458,2021
7050,Merrickville-Wolford V,5383689,2021
7055,North Grenville M,31219855,2021
9000,Lanark Co,36792434,2021
9001,Montague Tp,5424905,2021
9004,Smiths Falls ST,16842151,2021
9007,Drummond-North Elmsley Tp,10800320,2021
9010,Tay Valley Tp,13103525,2021
9021,Perth T,13412207,2021
9024,Beckwith Tp,10992781,2021
9028,Carleton Place T,21903278,2021
9030,Mississippi Mills M,23373817,2021
9033,Lanark Highlands Tp,9391022,2021
10000,Frontenac Co,10996938,2021
10002,Frontenac Islands Tp,4601678,2021
10005,Kingston C,265577020,2021
10013,South Frontenac Tp,32554243,2021
10025,Central Frontenac Tp,12401087,2021
10041,North Frontenac Tp,9516380,2021
11000,Lennox and Addington Co,29071641,2021
11002,Loyalist Tp,32571542,2021
11010,Greater Napanee T,28651961,2021
11023,Stone Mills Tp,12400988,2021
11033,Addington Highlands Tp,6602342,2021
12000,Hastings Co,16017821,2021
12001,Tyendinaga Tp,5418976,2021
12002,Deseronto T,2015104,2021
12005,Belleville C,87041658,2021
12010,Quinte West C,64705584,2021
12017,Stirling-Rawdon Tp,7474115,2021
12023,Centre Hastings M,7649871,2021
12027,Tweed M,7271070,2021
12036,Madoc Tp,2981046,2021
12039,Marmora and Lake M,7679522,2021
12048,Tudor and Cashel Tp,2071375,2021
12051,Limerick Tp,1785933,2021
12054,Wollaston Tp,2280559,2021
12058,Faraday Tp,4285893,2021
12061,Bancroft T,7803930,2021
12067,Carlow-Mayo Tp,2041411,2021
12073,Hastings Highlands M,12166235,2021
13002,Prince Edward County C,49954020,2021
14000,Northumberland Co,59678362,2021
14005,Brighton M,20272289,2021
14010,Cramahe Tp,11885972,2021
14015,Alnwick-Haldimand Tp,14627495,2021
14019,Hamilton Tp,19338050,2021
14021,Cobourg T,46004129,2021
14022,Port Hope M,37336500,2021
14028,Trent Hills M,26077669,2021
15000,Peterborough Co,45894906,2021
15002,Asphodel-Norwood Tp,6142171,2021
15005,Otonabee-South Monaghan Tp,11835998,2021
15012,Cavan Monaghan Tp,17640485,2021
15014,Peterborough C,167426769,2021
15017,Selwyn Tp,26081096,2021
15021,Douro-Dummer Tp,13512343,2021
15030,Havelock-Belmont-Methuen Tp,13850673,2021
15035,North Kawartha Tp,14229192,2021
15041,Trent Lakes M,22975907,2021
16002,Kawartha Lakes C,121725982,2021
18000,Durham R,619343945,2021
18001,Pickering C,228149781,2021
18005,Ajax T,229899565,2021
18009,Whitby T,293079996,2021
18013,Oshawa C,355503130,2021
18017,Clarington M,194447856,2021
18020,Scugog Tp,49472016,2021
18029,Uxbridge Tp,55135606,2021
18039,Brock Tp,25173014,2021
19000,York R,1217530015,2021
19028,Vaughan C,908802857,2021
19036,Markham C,765494210,2021
19038,Richmond Hill C,493066773,2021
19044,Whitchurch - Stouffville T,111552892,2021
19046,Aurora T,151715613,2021
19048,Newmarket T,185969273,2021
19049,King Tp,83634437,2021
19054,East Gwillimbury T,72210083,2021
19070,Georgina T,91953836,2021
20002,Toronto C,6763440969,2021
21000,Peel R,1173606458,2021
21005,Mississauga C,1781017886,2021
21010,Brampton C,1201706675,2021
21024,Caledon T,180029836,2021
22000,Dufferin Co,41043279,2021
22001,East Garafraxa Tp,6075098,2021
22005,Grand Valley T,6756839,2021
22008,Amaranth Tp,8377397,2021
22012,Mono T,20836606,2021
22014,Orangeville T,65115759,2021
22016,Mulmur Tp,8720155,2021
22019,Melancthon Tp,6107927,2021
22021,Shelburne T,13957387,2021
23000,Wellington Co,108828115,2021
23001,Puslinch Tp,26265913,2021
23005,Guelph-Eramosa Tp,30054788,2021
23008,Guelph C,320542885,2021
23010,Centre Wellington Tp,56189836,2021
23015,Erin T,28031475,2021
23020,Wellington North Tp,21954101,2021
23023,Mapleton Tp,23395998,2021
23040,Minto T,14414833,2021
24000,Halton R,425196899,2021
24001,Oakville T,559842784,2021
24002,Burlington C,415796110,2021
24009,Milton T,216940627,2021
24015,Halton Hills T,129292228,2021
25005,Hamilton C,933847289,2021
26000,Niagara R,405750953,2021
26003,Fort Erie T,62642383,2021
26011,Port Colborne C,38261473,2021
26014,Wainfleet Tp,14949562,2021
26021,West Lincoln Tp,26123818,2021
26028,Pelham T,39448890,2021
26032,Welland C,91597461,2021
26037,Thorold C,40082538,2021
26043,Niagara Falls C,189033856,2021
26047,Niagara-on-the-Lake T,62427831,2021
26053,St Catharines C,242538225,2021
26057,Lincoln T,51832268,2021
26065,Grimsby T,56234008,2021
28005,Haldimand County,87163905,2021
28030,Norfolk County,125688621,2021
29002,Brant County,74237990,2021
29006,Brantford C,201939571,2021
30000,Waterloo R,454317562,2021
30001,North Dumfries Tp,25005694,2021
30006,Cambridge C,253108072,2021
30012,Kitchener C,388034826,2021
30016,Waterloo C,253986375,2021
30018,Wilmot Tp,32712801,2021
30024,Wellesley Tp,19019656,2021
30029,Woolwich Tp,47876659,2021
31000,Perth Co,17053905,2021
31002,Perth East Tp,16130587,2021
31008,Perth South Tp,7528693,2021
31011,Stratford C,74271080,2021
31016,St Marys ST,15038686,2021
31017,West Perth M,15710507,2021
31035,North Perth M,25950744,2021
32000,Oxford Co,63779209,2021
32002,Norwich Tp,18074868,2021
32004,Tillsonburg T,28136299,2021
32011,South-West Oxford Tp,13686703,2021
32018,Ingersoll T,25010921,2021
32027,Zorra Tp,18801371,2021
32038,East Zorra - Tavistock Tp,14358748,2021
32042,Woodstock C,100762551,2021
32045,Blandford - Blenheim Tp,14368200,2021
34000,Elgin Co,39082367,2021
34003,Bayham M,11068555,2021
34007,Malahide Tp,16634836,2021
34011,Aylmer T,12064022,2021
34015,Central Elgin M,30230260,2021
34021,St Thomas C,67443173,2021
34024,Southwold Tp,9304311,2021
34028,Dutton-Dunwich M,8195543,2021
34035,West Elgin M,8681544,2021
36003,Chatham-Kent M,169824419,2021
37000,Essex Co,111954483,2021
37001,Pelee Tp,1993888,2021
37003,Leamington M,49130011,2021
37008,Kingsville T,37937329,2021
37020,Essex T,30798991,2021
37025,Amherstburg T,41700368,2021
37034,LaSalle T,65238230,2021
37039,Windsor C,416778907,2021
37043,Tecumseh T,50555399,2021
37049,Lakeshore M,74099394,2021
38000,Lambton Co,82235436,2021
38002,St Clair Tp,34030385,2021
38005,Dawn-Euphemia Tp,8607029,2021
38011,Brooke-Alvinston M,5853000,2021
38016,Enniskillen Tp,5742645,2021
38018,Oil Springs V,781277,2021
38019,Petrolia T,10052807,2021
38030,Sarnia C,138225799,2021
38031,Point Edward V,5882071,2021
38033,Plympton-Wyoming T,17049368,2021
38037,Lambton Shores M,29356628,2021
38040,Warwick Tp,6510787,2021
39000,Middlesex Co,45849031,2021
39002,Newbury V,498701,2021
39003,Southwest Middlesex M,10066192,2021
39010,Adelaide-Metcalfe Tp,8206671,2021
39013,Strathroy-Caradoc M,37160913,2021
39020,Middlesex Centre M,40210384,2021
39025,Thames Centre M,25296252,2021
39036,London C,795027760,2021
39041,North Middlesex M,14046583,2021
39057,Lucan Biddulph Tp,9084529,2021
40000,Huron Co,44648106,2021
40003,South Huron M,20741660,2021
40010,Bluewater M,20714606,2021
40015,Huron East M,14801043,2021
40025,Central Huron M,15370517,2021
40028,Goderich T,15313406,2021
40030,Ashfield-Colborne-Wawanosh Tp,12912953,2021
40046,Howick Tp,6800676,2021
40048,Morris-Turnberry M,7600264,2021
40050,North Huron Tp,8193017,2021
41000,Bruce Co,52240905,2021
41004,South Bruce M,9417545,2021
41010,Huron-Kinloss Tp,17226335,2021
41020,Kincardine M,32745311,2021
41030,Brockton M,16996061,2021
41037,Arran-Elderslie M,9888408,2021
41043,Saugeen Shores T,35376458,2021
41053,The South Bruce Peninsula T,22417434,2021
41061,Northern Bruce Peninsula M,16054720,2021
42000,Grey Co,61676478,2021
42004,West Grey M,20360128,2021
42005,Southgate Tp,13600881,2021
42013,Grey Highlands M,23048729,2021
42029,Hanover T,12521938,2021
42031,Chatsworth Tp,10841756,2021
42041,The Blue Mountains T,42841206,2021
42047,Meaford M,24494529,2021
42055,Georgian Bluffs Tp,20647930,2021
42059,Owen Sound C,45182576,2021
43000,Simcoe Co,177137322,2021
43002,Adjala-Tosorontio Tp,15667090,2021
43013,Bradford West Gwillimbury T,61620531,2021
43017,Innisfil T,91802890,2021
43021,Essa Tp,22378742,2021
43025,New Tecumseth T,75020021,2021
43030,Clearview Tp,29076185,2021
43031,Collingwood T,60499027,2021
43040,Springwater Tp,33889547,2021
43042,Barrie C,317397356,2021
43047,Oro-Medonte Tp,45603854,2021
43050,Ramara Tp,22162485,2021
43052,Orillia C,70450937,2021
43064,Wasaga Beach T,48091638,2021
43068,Tiny Tp,30805779,2021
43070,Tay Tp,16271873,2021
43072,Penetanguishene T,16736574,2021
43074,Midland T,35425534,2021
43080,Severn Tp,25095179,2021
44000,Muskoka D,80401652,2021
44002,Gravenhurst T,34135454,2021
44018,Bracebridge T,32764726,2021
44027,Lake of Bays Tp,20250159,2021
44042,Huntsville T,38344933,2021
44053,Muskoka Lakes Tp,59321722,2021
44065,Georgian Bay Tp,17138960,2021
46000,Haliburton Co,19611087,2021
46002,Highlands East M,11561892,2021
46011,Minden Hills Tp,18503459,2021
46020,Algonquin Highlands Tp,12311312,2021
46024,Dysart et al Tp,23565243,2021
47000,Renfrew Co,44786275,2021
47002,Arnprior T,16321061,2021
47003,McNab-Braeside Tp,11500888,2021
47007,Greater Madawaska Tp,7761108,2021
47015,Bonnechere Valley Tp,6346140,2021
47018,"Brudenell, Lyndoch and Raglan Tp",2602352,2021
47023,Madawaska Valley Tp,8471736,2021
47030,"Killaloe, Hagarty and Richards Tp",4479660,2021
47041,Admaston-Bromley Tp,4454964,2021
47046,Horton Tp,5170073,2021
47048,Renfrew T,13844511,2021
47050,Whitewater Region Tp,11086894,2021
47063,Laurentian Valley Tp,13759557,2021
47064,Pembroke C,24197323,2021
47068,North Algona-Wilberforce Tp,5826660,2021
47077,Petawawa T,16289172,2021
47091,Laurentian Hills T,5840524,2021
47096,Deep River T,6877908,2021
47098,"Head, Clara and Maria Tp",2372944,2021
48001,South Algonquin Tp,2828192,2021
48017,Papineau-Cameron Tp,2169160,2021
48019,Mattawan M,430733,2021
48021,Mattawa T,2494803,2021
48022,Calvin Tp,1668581,2021
48026,Bonfield Tp,3566753,2021
48031,Chisholm Tp,1914779,2021
48034,East Ferris M,7072520,2021
48044,North Bay C,109189189,2021
48050,West Nipissing M,21162708,2021
48069,Temagami M,5785615,2021
49003,Seguin Tp,18395433,2021
49005,The Archipelago Tp,6962085,2021
49012,McMurrich-Monteith Tp,1924616,2021
49014,Perry Tp,4061758,2021
49018,Kearney T,3813576,2021
49019,Armour Tp,3533994,2021
49022,Burk's Falls V,1565359,2021
49024,Ryerson Tp,2408865,2021
49028,McKellar Tp,4501119,2021
49031,McDougall Tp,5675611,2021
49032,Parry Sound T,13936827,2021
49036,Carling Tp,6851217,2021
49039,Whitestone M,3903051,2021
49041,Magnetawan M,6224251,2021
49046,Strong Tp,3135283,2021
49048,Sundridge V,1953739,2021
49051,Joly Tp,811030,2021
49054,Machar Tp,2499013,2021
49056,South River V,1352522,2021
49058,Powassan M,4170955,2021
49066,Callander M,6840759,2021
49071,Nipissing Tp,3389137,2021
51001,Tehkummah Tp,1338597,2021
51009,Central Manitoulin M,5646303,2021
51011,Assiginack Tp,3182506,2021
51015,Northeastern Manitoulin & The Isl T,6044243,2021
51021,Billings Tp,2208944,2021
51025,Gordon-Barrie Island M,1395146,2021
51026,Gore Bay T,1341650,2021
51028,Burpee and Mills Tp,833629,2021
51034,Cockburn Island Tp,135865,2021
52001,French River M,6041788,2021
52003,Killarney M,2197871,2021
52004,St-Charles M,2741670,2021
52007,Markstay-Warren M,3985798,2021
52019,Sables-Spanish Rivers Tp,4873854,2021
52026,Espanola T,8623941,2021
52028,Baldwin Tp,778654,2021
52031,Nairn and Hyman Tp,1006283,2021
52092,Chapleau Tp,2903898,2021
53005,Greater Sudbury C,301612349,2021
54001,Coleman Tp,1857489,2021
54006,Latchford T,1215269,2021
54008,Cobalt T,693420,2021
54010,Temiskaming Shores C,16329527,2021
54014,Harris Tp,597572,2021
54021,Hudson Tp,869368,2021
54024,Kerns Tp,771637,2021
54026,Harley Tp,949187,2021
54029,Casey Tp,566694,2021
54032,Brethour Tp,188979,2021
54034,Hilliard Tp,355568,2021
54036,Armstrong Tp,1838375,2021
54038,Thornloe V,97070,2021
54042,James Tp,849432,2021
54047,Charlton-Dack M,808800,2021
54049,Evanturel Tp,835315,2021
54052,Englehart T,2161486,2021
54054,Chamberlain Tp,924499,2021
54056,Matachewan Tp,460606,2021
54058,McGarry Tp,854891,2021
54062,Larder Lake Tp,1408909,2021
54066,Gauthier Tp,270918,2021
54068,Kirkland Lake T,12081441,2021
56014,Black River - Matheson Tp,5601092,2021
56027,Timmins C,83099656,2021
56031,Iroquois Falls T,9239771,2021
56037,Cochrane T,8168496,2021
56048,Smooth Rock Falls T,2829709,2021
56052,Fauquier-Strickland Tp,1092909,2021
56056,Moonbeam Tp,2792779,2021
56065,Moosonee T,2072803,2021
56066,Kapuskasing T,12692971,2021
56070,Val Rita-Harty Tp,1714579,2021
56073,Opasatika Tp,949982,2021
56076,Hearst T,8112289,2021
56077,Mattice - Val Cote Tp,1336048,2021
57001,Jocelyn Tp,893578,2021
57004,Hilton Tp,752076,2021
57006,Hilton Beach V,393506,2021
57008,St Joseph Tp,2469480,2021
57011,Laird Tp,1904299,2021
57014,Tarbutt Tp,1169594,2021
57016,Johnson Tp,1761722,2021
57019,Plummer Additional Tp,1545705,2021
57021,Bruce Mines T,860078,2021
57023,Huron Shores M,3929685,2021
57028,Thessalon T,1597760,2021
57038,Blind River T,6892307,2021
57039,Spanish T,756423,2021
57040,The North Shore Tp,1001570,2021
57041,Elliot Lake C,12914950,2021
57051,Macdonald Meredith et al Tp,2614627,2021
57061,Sault Ste Marie C,136839232,2021
57066,Prince Tp,1694641,2021
57076,Wawa M,5239503,2021
57079,Dubreuilville Tp,1079117,2021
57091,White River Tp,1467819,2021
57096,Hornepayne Tp,1921793,2021
58001,Neebing M,3151623,2021
58004,Thunder Bay C,204364264,2021
58007,Oliver Paipoonge M,9739247,2021
58012,Gillies Tp,538302,2021
58016,O'Connor Tp,910754,2021
58019,Conmee Tp,1089825,2021
58028,Shuniah M,6360370,2021
58034,Dorion Tp,640097,2021
58041,Red Rock Tp,1486616,2021
58044,Nipigon Tp,2101977,2021
58051,Schreiber Tp,2116845,2021
58054,Terrace Bay Tp,3582068,2021
58058,Greenstone M,17912374,2021
58059,Marathon T,5498579,2021
58066,Manitouwadge Tp,3443406,2021
59001,Atikokan Tp,8371844,2021
59011,Alberton Tp,1151218,2021
59012,Fort Frances T,12787974,2021
59016,La Vallee Tp,1177569,2021
59019,Emo Tp,1959481,2021
59024,Chapple Tp,2215382,2021
59031,Morley Tp,647701,2021
59040,Dawson Tp,635516,2021
59042,Rainy River T,796545,2021
59045,Lake of The Woods Tp,827085,2021
60001,Ignace Tp,2417187,2021
60008,Sioux Narrows-Nestor Falls Tp,3475088,2021
60011,Kenora C,31536565,2021
60021,Machin Tp,2532725,2021
60025,Dryden C,16387991,2021
60034,Sioux Lookout M,12084514,2021
60040,Red Lake M,10506760,2021
60042,Ear Falls Tp,2094739,2021
60049,Pickle Lake Tp,756733,2021
1000,"Stormont, Dundas and Glengarry UCo",51813462,2022
1002,South Glengarry Tp,25163765,2022
1009,South Stormont Tp,20601463,2022
1012,Cornwall C,91949118,2022
1016,South Dundas Tp,19278961,2022
1026,North Dundas Tp,20800479,2022
1037,North Stormont Tp,10386603,2022
1047,North Glengarry Tp,15895426,2022
2000,Prescott and Russell UCo,51491466,2022
2001,East Hawkesbury Tp,5220947,2022
2005,Champlain Tp,13979036,2022
2008,Hawkesbury T,18602639,2022
2011,The Nation M,23695492,2022
2030,Alfred and Plantagenet Tp,14693842,2022
2036,Clarence-Rockland C,43439197,2022
2044,Casselman M,6966838,2022
2048,Russell Tp,32176417,2022
6005,Ottawa C,1533516357,2022
7000,Leeds and Grenville UCo,43331832,2022
7003,Edwardsburgh-Cardinal Tp,11935285,2022
7006,Augusta Tp,10242290,2022
7008,Prescott ST,6782092,2022
7011,Elizabethtown-Kitley Tp,13440525,2022
7015,Brockville C,44299782,2022
7017,Front of Yonge Tp,3700298,2022
7019,Leeds and the Thousand Islands Tp,23653049,2022
7024,Gananoque ST,10775435,2022
7030,Rideau Lakes Tp,24842195,2022
7033,Westport V,1662866,2022
7040,Athens Tp,3176253,2022
7050,Merrickville-Wolford V,5616159,2022
7055,North Grenville M,32233261,2022
9000,Lanark Co,38418653,2022
9001,Montague Tp,5631284,2022
9004,Smiths Falls ST,19523580,2022
9007,Drummond-North Elmsley Tp,11108929,2022
9010,Tay Valley Tp,13374643,2022
9021,Perth T,13971113,2022
9024,Beckwith Tp,11554324,2022
9028,Carleton Place T,23058733,2022
9030,Mississippi Mills M,24314023,2022
9033,Lanark Highlands Tp,9672160,2022
10000,Frontenac Co,11434623,2022
10002,Frontenac Islands Tp,4775279,2022
10005,Kingston C,278936957,2022
10013,South Frontenac Tp,33455678,2022
10025,Central Frontenac Tp,12778038,2022
10041,North Frontenac Tp,9819986,2022
11000,Lennox and Addington Co,30252442,2022
11002,Loyalist Tp,33711456,2022
11010,Greater Napanee T,30501123,2022
11023,Stone Mills Tp,12789868,2022
11033,Addington Highlands Tp,6836150,2022
12000,Hastings Co,16693086,2022
12001,Tyendinaga Tp,5663575,2022
12002,Deseronto T,2065400,2022
12005,Belleville C,89441063,2022
12010,Quinte West C,67540656,2022
12017,Stirling-Rawdon Tp,7571484,2022
12023,Centre Hastings M,8029154,2022
12027,Tweed M,7430312,2022
12036,Madoc Tp,3081241,2022
12039,Marmora and Lake M,7885479,2022
12048,Tudor and Cashel Tp,2143872,2022
12051,Limerick Tp,1835791,2022
12054,Wollaston Tp,2385169,2022
12058,Faraday Tp,4429576,2022
12061,Bancroft T,8130247,2022
12067,Carlow-Mayo Tp,2106457,2022
12073,Hastings Highlands M,12585077,2022
13002,Prince Edward County C,52384700,2022
14000,Northumberland Co,62558375,2022
14005,Brighton M,21222368,2022
14010,Cramahe Tp,12448137,2022
14015,Alnwick-Haldimand Tp,15249399,2022
14019,Hamilton Tp,19908902,2022
14021,Cobourg T,48135359,2022
14022,Port Hope M,39157525,2022
14028,Trent Hills M,27071306,2022
15000,Peterborough Co,47713700,2022
15002,Asphodel-Norwood Tp,6432333,2022
15005,Otonabee-South Monaghan Tp,12475444,2022
15012,Cavan Monaghan Tp,18662851,2022
15014,Peterborough C,173048352,2022
15017,Selwyn Tp,26854807,2022
15021,Douro-Dummer Tp,13912940,2022
15030,Havelock-Belmont-Methuen Tp,14146011,2022
15035,North Kawartha Tp,14636910,2022
15041,Trent Lakes M,23442819,2022
16002,Kawartha Lakes C,127253898,2022
18000,Durham R,649393518,2022
18001,Pickering C,239269656,2022
18005,Ajax T,239326816,2022
18009,Whitby T,306252548,2022
18013,Oshawa C,365593672,2022
18017,Clarington M,202680030,2022
18020,Scugog Tp,51903111,2022
18029,Uxbridge Tp,56970341,2022
18039,Brock Tp,24401967,2022
19000,York R,1271420970,2022
19028,Vaughan C,938197261,2022
19036,Markham C,786202392,2022
19038,Richmond Hill C,507411476,2022
19044,Whitchurch - Stouffville T,115700628,2022
19046,Aurora T,157520122,2022
19048,Newmarket T,191223685,2022
19049,King Tp,85439639,2022
19054,East Gwillimbury T,74962096,2022
19070,Georgina T,94519979,2022
20002,Toronto C,6962097240,2022
21000,Peel R,1229183107,2022
21005,Mississauga C,1841717773,2022
21010,Brampton C,1236202488,2022
21024,Caledon T,192982802,2022
22000,Dufferin Co,42421213,2022
22001,East Garafraxa Tp,6426786,2022
22005,Grand Valley T,7239164,2022
22008,Amaranth Tp,8747658,2022
22012,Mono T,21480431,2022
22014,Orangeville T,66485043,2022
22016,Mulmur Tp,8929355,2022
22019,Melancthon Tp,6305873,2022
22021,Shelburne T,15214618,2022
23000,Wellington Co,113490592,2022
23001,Puslinch Tp,27288942,2022
23005,Guelph-Eramosa Tp,31002012,2022
23008,Guelph C,335784411,2022
23010,Centre Wellington Tp,59048248,2022
23015,Erin T,28801538,2022
23020,Wellington North Tp,22648983,2022
23023,Mapleton Tp,24378837,2022
23040,Minto T,15019721,2022
24000,Halton R,439667105,2022
24001,Oakville T,575041655,2022
24002,Burlington C,427549089,2022
24009,Milton T,227713780,2022
24015,Halton Hills T,133534068,2022
25005,Hamilton C,974286925,2022
26000,Niagara R,422758945,2022
26003,Fort Erie T,65452213,2022
26011,Port Colborne C,40030828,2022
26014,Wainfleet Tp,15911295,2022
26021,West Lincoln Tp,27171870,2022
26028,Pelham T,41507490,2022
26032,Welland C,94888311,2022
26037,Thorold C,43345615,2022
26043,Niagara Falls C,196051410,2022
26047,Niagara-on-the-Lake T,64503192,2022
26053,St Catharines C,248770719,2022
26057,Lincoln T,54517513,2022
26065,Grimsby T,58360293,2022
28005,Haldimand County,91193023,2022
28030,Norfolk County,129120637,2022
29002,Brant County,77379452,2022
29006,Brantford C,208289510,2022
30000,Waterloo R,488732270,2022
30001,North Dumfries Tp,25988600,2022
30006,Cambridge C,266233091,2022
30012,Kitchener C,408008731,2022
30016,Waterloo C,266215484,2022
30018,Wilmot Tp,34874006,2022
30024,Wellesley Tp,20279497,2022
30029,Woolwich Tp,52062681,2022
31000,Perth Co,18060399,2022
31002,Perth East Tp,17054992,2022
31008,Perth South Tp,8005895,2022
31011,Stratford C,79413660,2022
31016,St Marys ST,15635145,2022
31017,West Perth M,16407422,2022
31035,North Perth M,27409037,2022
32000,Oxford Co,66622296,2022
32002,Norwich Tp,18794371,2022
32004,Tillsonburg T,30138822,2022
32011,South-West Oxford Tp,12763943,2022
32018,Ingersoll T,27522030,2022
32027,Zorra Tp,20425983,2022
32038,East Zorra - Tavistock Tp,14834321,2022
32042,Woodstock C,104602822,2022
32045,Blandford - Blenheim Tp,15104509,2022
34000,Elgin Co,40586566,2022
34003,Bayham M,11340231,2022
34007,Malahide Tp,17247876,2022
34011,Aylmer T,12314207,2022
34015,Central Elgin M,31661427,2022
34021,St Thomas C,69932037,2022
34024,Southwold Tp,9936497,2022
34028,Dutton-Dunwich M,8466726,2022
34035,West Elgin M,8861420,2022
36003,Chatham-Kent M,176096916,2022
37000,Essex Co,115928228,2022
37001,Pelee Tp,2053110,2022
37003,Leamington M,51124746,2022
37008,Kingsville T,39609271,2022
37020,Essex T,32127448,2022
37025,Amherstburg T,43787747,2022
37034,LaSalle T,67730324,2022
37039,Windsor C,426250544,2022
37043,Tecumseh T,52076119,2022
37049,Lakeshore M,76817749,2022
38000,Lambton Co,84946210,2022
38002,St Clair Tp,34560461,2022
38005,Dawn-Euphemia Tp,8625787,2022
38011,Brooke-Alvinston M,6083733,2022
38016,Enniskillen Tp,5863178,2022
38018,Oil Springs V,807645,2022
38019,Petrolia T,10290972,2022
38030,Sarnia C,141147751,2022
38031,Point Edward V,6009071,2022
38033,Plympton-Wyoming T,17827850,2022
38037,Lambton Shores M,30046115,2022
38040,Warwick Tp,6674267,2022
39000,Middlesex Co,47112196,2022
39002,Newbury V,550637,2022
39003,Southwest Middlesex M,10593431,2022
39010,Adelaide-Metcalfe Tp,8465087,2022
39013,Strathroy-Caradoc M,38752642,2022
39020,Middlesex Centre M,42172830,2022
39025,Thames Centre M,25883800,2022
39036,London C,824710975,2022
39041,North Middlesex M,14401647,2022
39057,Lucan Biddulph Tp,9500034,2022
40000,Huron Co,46013711,2022
40003,South Huron M,21292783,2022
40010,Bluewater M,21054263,2022
40015,Huron East M,15810573,2022
40025,Central Huron M,15889797,2022
40028,Goderich T,15682319,2022
40030,Ashfield-Colborne-Wawanosh Tp,13563801,2022
40046,Howick Tp,6898327,2022
40048,Morris-Turnberry M,8075997,2022
40050,North Huron Tp,8743593,2022
41000,Bruce Co,56494212,2022
41004,South Bruce M,10073283,2022
41010,Huron-Kinloss Tp,18067535,2022
41020,Kincardine M,34566884,2022
41030,Brockton M,18007417,2022
41037,Arran-Elderslie M,10449759,2022
41043,Saugeen Shores T,37797784,2022
41053,The South Bruce Peninsula T,23399924,2022
41061,Northern Bruce Peninsula M,17079483,2022
42000,Grey Co,64657250,2022
42004,West Grey M,21674712,2022
42005,Southgate Tp,14402410,2022
42013,Grey Highlands M,24314730,2022
42029,Hanover T,13078980,2022
42031,Chatsworth Tp,11220339,2022
42041,The Blue Mountains T,45396681,2022
42047,Meaford M,25708898,2022
42055,Georgian Bluffs Tp,21468413,2022
42059,Owen Sound C,46292678,2022
43000,Simcoe Co,184045798,2022
43002,Adjala-Tosorontio Tp,16372865,2022
43013,Bradford West Gwillimbury T,63743692,2022
43017,Innisfil T,95049673,2022
43021,Essa Tp,23072980,2022
43025,New Tecumseth T,77213408,2022
43030,Clearview Tp,30796964,2022
43031,Collingwood T,62983662,2022
43040,Springwater Tp,35520094,2022
43042,Barrie C,327794414,2022
43047,Oro-Medonte Tp,47620997,2022
43050,Ramara Tp,23130505,2022
43052,Orillia C,73721984,2022
43064,Wasaga Beach T,50055316,2022
43068,Tiny Tp,32015900,2022
43070,Tay Tp,16983071,2022
43072,Penetanguishene T,17230594,2022
43074,Midland T,37259837,2022
43080,Severn Tp,26308858,2022
44000,Muskoka D,83456313,2022
44002,Gravenhurst T,34953039,2022
44018,Bracebridge T,34099369,2022
44027,Lake of Bays Tp,20720905,2022
44042,Huntsville T,39965835,2022
44053,Muskoka Lakes Tp,61092079,2022
44065,Georgian Bay Tp,17573100,2022
46000,Haliburton Co,20512060,2022
46002,Highlands East M,11837378,2022
46011,Minden Hills Tp,19275865,2022
46020,Algonquin Highlands Tp,12814511,2022
46024,Dysart et al Tp,24541623,2022
47000,Renfrew Co,46152734,2022
47002,Arnprior T,16942757,2022
47003,McNab-Braeside Tp,12100779,2022
47007,Greater Madawaska Tp,8008760,2022
47015,Bonnechere Valley Tp,6456224,2022
47018,"Brudenell, Lyndoch and Raglan Tp",2667859,2022
47023,Madawaska Valley Tp,8701310,2022
47030,"Killaloe, Hagarty and Richards Tp",4556798,2022
47041,Admaston-Bromley Tp,4597850,2022
47046,Horton Tp,5317751,2022
47048,Renfrew T,14236204,2022
47050,Whitewater Region Tp,11436414,2022
47063,Laurentian Valley Tp,14075568,2022
47064,Pembroke C,24797362,2022
47068,North Algona-Wilberforce Tp,5967806,2022
47077,Petawawa T,16895097,2022
47091,Laurentian Hills T,5905895,2022
47096,Deep River T,7140727,2022
47098,"Head, Clara and Maria Tp",2400259,2022
48001,South Algonquin Tp,2878542,2022
48017,Papineau-Cameron Tp,2190457,2022
48019,Mattawan M,444069,2022
48021,Mattawa T,2505369,2022
48022,Calvin Tp,1752442,2022
48026,Bonfield Tp,3775386,2022
48031,Chisholm Tp,1933502,2022
48034,East Ferris M,7203885,2022
48044,North Bay C,113290138,2022
48050,West Nipissing M,21618332,2022
48069,Temagami M,5952184,2022
49003,Seguin Tp,18941044,2022
49005,The Archipelago Tp,7073268,2022
49012,McMurrich-Monteith Tp,2051216,2022
49014,Perry Tp,4160830,2022
49018,Kearney T,3999572,2022
49019,Armour Tp,3617129,2022
49022,Burk's Falls V,1601893,2022
49024,Ryerson Tp,2464425,2022
49028,McKellar Tp,4754404,2022
49031,McDougall Tp,5927414,2022
49032,Parry Sound T,14370172,2022
49036,Carling Tp,7135981,2022
49039,Whitestone M,4036924,2022
49041,Magnetawan M,6426165,2022
49046,Strong Tp,3241212,2022
49048,Sundridge V,2012121,2022
49051,Joly Tp,855620,2022
49054,Machar Tp,2604669,2022
49056,South River V,1431818,2022
49058,Powassan M,4460409,2022
49066,Callander M,6982636,2022
49071,Nipissing Tp,3515781,2022
51001,Tehkummah Tp,1408506,2022
51009,Central Manitoulin M,5797424,2022
51011,Assiginack Tp,3196862,2022
51015,Northeastern Manitoulin & The Isl T,6159958,2022
51021,Billings Tp,2288916,2022
51025,Gordon-Barrie Island M,1464688,2022
51026,Gore Bay T,1394812,2022
51028,Burpee and Mills Tp,845758,2022
51034,Cockburn Island Tp,135497,2022
52001,French River M,6147712,2022
52003,Killarney M,2245161,2022
52004,St-Charles M,2810517,2022
52007,Markstay-Warren M,4013399,2022
52019,Sables-Spanish Rivers Tp,5074859,2022
52026,Espanola T,8622173,2022
52028,Baldwin Tp,786072,2022
52031,Nairn and Hyman Tp,1038238,2022
52092,Chapleau Tp,3012750,2022
53005,Greater Sudbury C,311826405,2022
54001,Coleman Tp,1874484,2022
54006,Latchford T,1227143,2022
54008,Cobalt T,713517,2022
54010,Temiskaming Shores C,16666483,2022
54014,Harris Tp,637958,2022
54021,Hudson Tp,921438,2022
54024,Kerns Tp,803312,2022
54026,Harley Tp,990864,2022
54029,Casey Tp,583047,2022
54032,Brethour Tp,259697,2022
54034,Hilliard Tp,360318,2022
54036,Armstrong Tp,1897663,2022
54038,Thornloe V,99595,2022
54042,James Tp,856252,2022
54047,Charlton-Dack M,828842,2022
54049,Evanturel Tp,888822,2022
54052,Englehart T,2150717,2022
54054,Chamberlain Tp,951943,2022
54056,Matachewan Tp,462360,2022
54058,McGarry Tp,861433,2022
54062,Larder Lake Tp,1411179,2022
54066,Gauthier Tp,271988,2022
54068,Kirkland Lake T,12423893,2022
56014,Black River - Matheson Tp,6027008,2022
56027,Timmins C,85098626,2022
56031,Iroquois Falls T,9426134,2022
56037,Cochrane T,8705302,2022
56048,Smooth Rock Falls T,2950647,2022
56052,Fauquier-Strickland Tp,1137140,2022
56056,Moonbeam Tp,2810466,2022
56065,Moosonee T,2097026,2022
56066,Kapuskasing T,13174141,2022
56070,Val Rita-Harty Tp,1765164,2022
56073,Opasatika Tp,973301,2022
56076,Hearst T,8313077,2022
56077,Mattice - Val Cote Tp,1398544,2022
57001,Jocelyn Tp,902633,2022
57004,Hilton Tp,809613,2022
57006,Hilton Beach V,393647,2022
57008,St Joseph Tp,2556886,2022
57011,Laird Tp,1967549,2022
57014,Tarbutt Tp,1187233,2022
57016,Johnson Tp,1805388,2022
57019,Plummer Additional Tp,1583465,2022
57021,Bruce Mines T,876462,2022
57023,Huron Shores M,4145706,2022
57028,Thessalon T,1586866,2022
57038,Blind River T,7087242,2022
57039,Spanish T,776227,2022
57040,The North Shore Tp,1046706,2022
57041,Elliot Lake C,13374347,2022
57051,Macdonald Meredith et al Tp,2636629,2022
57061,Sault Ste Marie C,141647264,2022
57066,Prince Tp,1711482,2022
57076,Wawa M,5384619,2022
57079,Dubreuilville Tp,1294226,2022
57091,White River Tp,1576505,2022
57096,Hornepayne Tp,1967249,2022
58001,Neebing M,3265163,2022
58004,Thunder Bay C,209958542,2022
58007,Oliver Paipoonge M,10014679,2022
58012,Gillies Tp,576919,2022
58016,O'Connor Tp,941349,2022
58019,Conmee Tp,1106360,2022
58028,Shuniah M,6504380,2022
58034,Dorion Tp,654797,2022
58041,Red Rock Tp,1525552,2022
58051,Schreiber Tp,2203246,2022
58054,Terrace Bay Tp,3664110,2022
58058,Greenstone M,18529510,2022
58059,Marathon T,5582495,2022
59001,Atikokan Tp,8551081,2022
59011,Alberton Tp,1192160,2022
59012,Fort Frances T,13163303,2022
59016,La Vallee Tp,1208807,2022
59019,Emo Tp,2141549,2022
59024,Chapple Tp,2169607,2022
59031,Morley Tp,676839,2022
59040,Dawson Tp,659846,2022
59042,Rainy River T,835253,2022
59045,Lake of The Woods Tp,831806,2022
60008,Sioux Narrows-Nestor Falls Tp,3517301,2022
60011,Kenora C,32371351,2022
60021,Machin Tp,2601621,2022
60025,Dryden C,16582091,2022
60034,Sioux Lookout M,12407221,2022
60040,Red Lake M,10887384,2022
60042,Ear Falls Tp,2125740,2022
60049,Pickle Lake Tp,761278,2022
1000,"Stormont, Dundas and Glengarry UCo",54673235,2023
1002,South Glengarry Tp,26492119,2023
1009,South Stormont Tp,21822708,2023
1012,Cornwall C,96944604,2023
1016,South Dundas Tp,20127894,2023
1026,North Dundas Tp,22767041,2023
1037,North Stormont Tp,10843978,2023
1047,North Glengarry Tp,16443403,2023
2000,Prescott and Russell UCo,55400251,2023
2001,East Hawkesbury Tp,5392849,2023
2005,Champlain Tp,14631256,2023
2008,Hawkesbury T,19376073,2023
2011,The Nation M,24917214,2023
2030,Alfred and Plantagenet Tp,15400324,2023
2036,Clarence-Rockland C,46613152,2023
2044,Casselman M,7477779,2023
2048,Russell Tp,35810550,2023
6005,Ottawa C,1599116817,2023
7000,Leeds and Grenville UCo,46970571,2023
7003,Edwardsburgh-Cardinal Tp,12508377,2023
7006,Augusta Tp,10722898,2023
7008,Prescott ST,7063453,2023
7011,Elizabethtown-Kitley Tp,14206351,2023
7017,Front of Yonge Tp,3895349,2023
7019,Leeds and the Thousand Islands Tp,24748936,2023
7024,Gananoque ST,11310713,2023
7030,Rideau Lakes Tp,26201383,2023
7033,Westport V,1853500,2023
7040,Athens Tp,3371684,2023
7050,Merrickville-Wolford V,5863334,2023
7055,North Grenville M,34472480,2023
9000,Lanark Co,40613857,2023
9001,Montague Tp,5855922,2023
9004,Smiths Falls ST,20368965,2023
9007,Drummond-North Elmsley Tp,11607888,2023
9010,Tay Valley Tp,13985859,2023
9021,Perth T,14712905,2023
9024,Beckwith Tp,12312153,2023
9028,Carleton Place T,25161423,2023
9030,Mississippi Mills M,25794836,2023
9033,Lanark Highlands Tp,10328597,2023
10000,Frontenac Co,12456211,2023
10002,Frontenac Islands Tp,5134170,2023
10005,Kingston C,291755342,2023
10013,South Frontenac Tp,34584671,2023
10025,Central Frontenac Tp,13241397,2023
10041,North Frontenac Tp,10235854,2023
11000,Lennox and Addington Co,32514545,2023
11002,Loyalist Tp,35817138,2023
11010,Greater Napanee T,31650742,2023
11023,Stone Mills Tp,13581934,2023
11033,Addington Highlands Tp,7178684,2023
12000,Hastings Co,17737099,2023
12001,Tyendinaga Tp,5963419,2023
12002,Deseronto T,2101088,2023
12005,Belleville C,93299848,2023
12010,Quinte West C,72146548,2023
12017,Stirling-Rawdon Tp,8235086,2023
12023,Centre Hastings M,8529952,2023
12027,Tweed M,7855514,2023
12039,Marmora and Lake M,8464122,2023
12048,Tudor and Cashel Tp,2242360,2023
12051,Limerick Tp,1907366,2023
12054,Wollaston Tp,2559146,2023
12058,Faraday Tp,4548951,2023
12061,Bancroft T,8663944,2023
12067,Carlow-Mayo Tp,2192065,2023
12073,Hastings Highlands M,13233307,2023
13002,Prince Edward County C,55945449,2023
14000,Northumberland Co,67448022,2023
14005,Brighton M,22922649,2023
14010,Cramahe Tp,13430802,2023
14015,Alnwick-Haldimand Tp,16307747,2023
14019,Hamilton Tp,21150111,2023
14021,Cobourg T,51458876,2023
14022,Port Hope M,42214904,2023
14028,Trent Hills M,28317053,2023
15000,Peterborough Co,50379837,2023
15002,Asphodel-Norwood Tp,6817342,2023
15005,Otonabee-South Monaghan Tp,13088879,2023
15012,Cavan Monaghan Tp,19572973,2023
15014,Peterborough C,179515150,2023
15017,Selwyn Tp,27861193,2023
15021,Douro-Dummer Tp,14625867,2023
15030,Havelock-Belmont-Methuen Tp,14776381,2023
15035,North Kawartha Tp,15149692,2023
15041,Trent Lakes M,24193423,2023
16002,Kawartha Lakes C,133336562,2023
18000,Durham R,683669872,2023
18001,Pickering C,254494119,2023
18005,Ajax T,253349723,2023
18009,Whitby T,326117240,2023
18013,Oshawa C,386803808,2023
18017,Clarington M,215540445,2023
18020,Scugog Tp,56002433,2023
18029,Uxbridge Tp,60633481,2023
18039,Brock Tp,27788456,2023
19000,York R,1337844597,2023
19028,Vaughan C,962461005,2023
19036,Markham C,813581703,2023
19038,Richmond Hill C,529898915,2023
19044,Whitchurch - Stouffville T,123790884,2023
19046,Aurora T,164154165,2023
19048,Newmarket T,199106410,2023
19049,King Tp,89398267,2023
19054,East Gwillimbury T,80301988,2023
19070,Georgina T,99853213,2023
20002,Toronto C,7291701436,2023
21000,Peel R,1323634825,2023
21005,Mississauga C,1952246958,2023
21010,Brampton C,1315185417,2023
21024,Caledon T,202952050,2023
22000,Dufferin Co,44899816,2023
22001,East Garafraxa Tp,7081390,2023
22005,Grand Valley T,7818984,2023
22008,Amaranth Tp,9215637,2023
22012,Mono T,22432172,2023
22014,Orangeville T,69093566,2023
22016,Mulmur Tp,9350191,2023
22019,Melancthon Tp,6663923,2023
22021,Shelburne T,16026538,2023
23000,Wellington Co,120491267,2023
23001,Puslinch Tp,29057345,2023
23005,Guelph-Eramosa Tp,32672898,2023
23008,Guelph C,352827559,2023
23010,Centre Wellington Tp,62190198,2023
23015,Erin T,29836013,2023
23020,Wellington North Tp,24318865,2023
23023,Mapleton Tp,25919383,2023
23040,Minto T,15851691,2023
24000,Halton R,460763078,2023
24001,Oakville T,605271124,2023
24002,Burlington C,458027504,2023
24009,Milton T,242383251,2023
24015,Halton Hills T,139792001,2023
26000,Niagara R,444919205,2023
26003,Fort Erie T,67694756,2023
26011,Port Colborne C,41995303,2023
26014,Wainfleet Tp,16831643,2023
26021,West Lincoln Tp,27643319,2023
26028,Pelham T,44921987,2023
26032,Welland C,95901320,2023
26037,Thorold C,46867916,2023
26043,Niagara Falls C,229329007,2023
26047,Niagara-on-the-Lake T,67645285,2023
26053,St Catharines C,269004843,2023
26057,Lincoln T,58678784,2023
26065,Grimsby T,61177163,2023
28005,Haldimand County,95550852,2023
28030,Norfolk County,138248715,2023
29002,Brant County,84276443,2023
29006,Brantford C,218583967,2023
30000,Waterloo R,543166111,2023
30001,North Dumfries Tp,28299289,2023
30006,Cambridge C,288390231,2023
30012,Kitchener C,439469710,2023
30016,Waterloo C,285439231,2023
30018,Wilmot Tp,37321491,2023
30024,Wellesley Tp,22649497,2023
30029,Woolwich Tp,57096826,2023
31000,Perth Co,19699083,2023
31002,Perth East Tp,18259792,2023
31008,Perth South Tp,8233122,2023
31011,Stratford C,84335431,2023
31016,St Marys ST,16405142,2023
31017,West Perth M,17907861,2023
31035,North Perth M,29851783,2023
32000,Oxford Co,70831865,2023
32002,Norwich Tp,19758294,2023
32004,Tillsonburg T,32797731,2023
32011,South-West Oxford Tp,13582874,2023
32018,Ingersoll T,28413814,2023
32027,Zorra Tp,21574212,2023
32038,East Zorra - Tavistock Tp,15859833,2023
32042,Woodstock C,111153556,2023
32045,Blandford - Blenheim Tp,15893866,2023
34000,Elgin Co,43148605,2023
34003,Bayham M,12219977,2023
34007,Malahide Tp,18154904,2023
34011,Aylmer T,12882800,2023
34015,Central Elgin M,33030221,2023
34021,St Thomas C,72752869,2023
34024,Southwold Tp,10673008,2023
34028,Dutton-Dunwich M,9123231,2023
34035,West Elgin M,9323723,2023
36003,Chatham-Kent M,188656476,2023
37000,Essex Co,123033164,2023
37001,Pelee Tp,2179572,2023
37003,Leamington M,54277931,2023
37008,Kingsville T,42507694,2023
37020,Essex T,33512505,2023
37025,Amherstburg T,46241193,2023
37034,LaSalle T,71510140,2023
37039,Windsor C,448025349,2023
37043,Tecumseh T,54074268,2023
37049,Lakeshore M,81291029,2023
38000,Lambton Co,89378465,2023
38002,St Clair Tp,36454706,2023
38011,Brooke-Alvinston M,6345810,2023
38016,Enniskillen Tp,6047751,2023
38018,Oil Springs V,846473,2023
38019,Petrolia T,10671973,2023
38030,Sarnia C,145284105,2023
38031,Point Edward V,6301576,2023
38033,Plympton-Wyoming T,19103149,2023
38037,Lambton Shores M,31713008,2023
38040,Warwick Tp,7001313,2023
39000,Middlesex Co,52384752,2023
39002,Newbury V,587466,2023
39003,Southwest Middlesex M,11105965,2023
39010,Adelaide-Metcalfe Tp,8993847,2023
39013,Strathroy-Caradoc M,41467815,2023
39020,Middlesex Centre M,45366407,2023
39025,Thames Centre M,27420249,2023
39036,London C,860979762,2023
39057,Lucan Biddulph Tp,10084383,2023
40000,Huron Co,50052122,2023
40003,South Huron M,22379096,2023
40010,Bluewater M,22655072,2023
40015,Huron East M,19989704,2023
40025,Central Huron M,17197343,2023
40028,Goderich T,16745651,2023
40030,Ashfield-Colborne-Wawanosh Tp,14706702,2023
40046,Howick Tp,7395540,2023
40048,Morris-Turnberry M,8636967,2023
40050,North Huron Tp,11001192,2023
41000,Bruce Co,62184026,2023
41004,South Bruce M,11094998,2023
41010,Huron-Kinloss Tp,19512394,2023
41020,Kincardine M,37253810,2023
41030,Brockton M,19605542,2023
41037,Arran-Elderslie M,11244672,2023
41043,Saugeen Shores T,41130010,2023
41053,The South Bruce Peninsula T,24671430,2023
41061,Northern Bruce Peninsula M,18311431,2023
42000,Grey Co,67216643,2023
42004,West Grey M,23130985,2023
42005,Southgate Tp,16350365,2023
42013,Grey Highlands M,25768763,2023
42029,Hanover T,13841016,2023
42031,Chatsworth Tp,11832946,2023
42041,The Blue Mountains T,47607768,2023
42047,Meaford M,26987930,2023
42055,Georgian Bluffs Tp,22510050,2023
42059,Owen Sound C,47131457,2023
43000,Simcoe Co,194163125,2023
43002,Adjala-Tosorontio Tp,18422714,2023
43013,Bradford West Gwillimbury T,67355928,2023
43017,Innisfil T,101386364,2023
43021,Essa Tp,24777440,2023
43025,New Tecumseth T,80417348,2023
43030,Clearview Tp,32753936,2023
43031,Collingwood T,66081495,2023
43042,Barrie C,340752158,2023
43047,Oro-Medonte Tp,50673196,2023
43050,Ramara Tp,25898335,2023
43052,Orillia C,77288340,2023
43064,Wasaga Beach T,54532312,2023
43068,Tiny Tp,34521375,2023
43072,Penetanguishene T,18137103,2023
43074,Midland T,39795207,2023
43080,Severn Tp,27697040,2023
44000,Muskoka D,88272379,2023
44002,Gravenhurst T,36457918,2023
44018,Bracebridge T,35974894,2023
44027,Lake of Bays Tp,21758161,2023
44042,Huntsville T,42575992,2023
44053,Muskoka Lakes Tp,63685709,2023
44065,Georgian Bay Tp,18605396,2023
46000,Haliburton Co,21256812,2023
46002,Highlands East M,12138106,2023
46011,Minden Hills Tp,20085999,2023
46020,Algonquin Highlands Tp,13244042,2023
46024,Dysart et al Tp,25238899,2023
47000,Renfrew Co,49135456,2023
47002,Arnprior T,18509792,2023
47003,McNab-Braeside Tp,12845668,2023
47007,Greater Madawaska Tp,8565896,2023
47015,Bonnechere Valley Tp,6734898,2023
47018,"Brudenell, Lyndoch and Raglan Tp",2725385,2023
47023,Madawaska Valley Tp,9144444,2023
47030,"Killaloe, Hagarty and Richards Tp",4782820,2023
47041,Admaston-Bromley Tp,4968765,2023
47046,Horton Tp,5522414,2023
47048,Renfrew T,14847703,2023
47050,Whitewater Region Tp,12184178,2023
47063,Laurentian Valley Tp,14527448,2023
47064,Pembroke C,25673492,2023
47068,North Algona-Wilberforce Tp,6164290,2023
47077,Petawawa T,17745037,2023
47091,Laurentian Hills T,5975860,2023
47096,Deep River T,7369530,2023
47098,"Head, Clara and Maria Tp",2423291,2023
48001,South Algonquin Tp,2993481,2023
48017,Papineau-Cameron Tp,2225085,2023
48019,Mattawan M,462353,2023
48021,Mattawa T,2563821,2023
48022,Calvin Tp,1855077,2023
48026,Bonfield Tp,4137882,2023
48031,Chisholm Tp,2028393,2023
48034,East Ferris M,7818188,2023
48044,North Bay C,118221863,2023
48050,West Nipissing M,22880520,2023
48069,Temagami M,6288308,2023
49003,Seguin Tp,20149211,2023
49005,The Archipelago Tp,7993390,2023
49012,McMurrich-Monteith Tp,2258407,2023
49014,Perry Tp,4268481,2023
49018,Kearney T,4231199,2023
49019,Armour Tp,3741149,2023
49022,Burk's Falls V,1665766,2023
49024,Ryerson Tp,2600562,2023
49028,McKellar Tp,4990588,2023
49031,McDougall Tp,6227198,2023
49032,Parry Sound T,14973594,2023
49036,Carling Tp,7500891,2023
49039,Whitestone M,4298449,2023
49041,Magnetawan M,6700653,2023
49046,Strong Tp,3464424,2023
49048,Sundridge V,2136338,2023
49051,Joly Tp,885272,2023
49054,Machar Tp,2796019,2023
49056,South River V,1550388,2023
49058,Powassan M,4789153,2023
49066,Callander M,7561927,2023
49071,Nipissing Tp,3749511,2023
51011,Assiginack Tp,3236985,2023
51015,Northeastern Manitoulin & The Isl T,1048903,2023
51021,Billings Tp,2377328,2023
51025,Gordon-Barrie Island M,1538067,2023
51026,Gore Bay T,1443000,2023
51028,Burpee and Mills Tp,901319,2023
51034,Cockburn Island Tp,155337,2023
52001,French River M,6384123,2023
52003,Killarney M,2317354,2023
52004,St-Charles M,2992000,2023
52007,Markstay-Warren M,4349940,2023
52019,Sables-Spanish Rivers Tp,5281010,2023
52026,Espanola T,8871763,2023
52028,Baldwin Tp,808453,2023
52031,Nairn and Hyman Tp,1084080,2023
52092,Chapleau Tp,3199778,2023
53005,Greater Sudbury C,327549860,2023
54001,Coleman Tp,1883277,2023
54006,Latchford T,1251612,2023
54008,Cobalt T,788299,2023
54010,Temiskaming Shores C,17127456,2023
54014,Harris Tp,653439,2023
54021,Hudson Tp,949234,2023
54024,Kerns Tp,843630,2023
54026,Harley Tp,980556,2023
54029,Casey Tp,605004,2023
54032,Brethour Tp,191382,2023
54034,Hilliard Tp,374181,2023
54036,Armstrong Tp,1949039,2023
54038,Thornloe V,111088,2023
54042,James Tp,890169,2023
54047,Charlton-Dack M,861742,2023
54049,Evanturel Tp,954924,2023
54052,Englehart T,2158883,2023
54054,Chamberlain Tp,992530,2023
54056,Matachewan Tp,478467,2023
54058,McGarry Tp,877820,2023
54062,Larder Lake Tp,1460733,2023
54066,Gauthier Tp,285358,2023
54068,Kirkland Lake T,13251645,2023
56014,Black River - Matheson Tp,7797411,2023
56027,Timmins C,87675685,2023
56031,Iroquois Falls T,9776670,2023
56037,Cochrane T,9135282,2023
56048,Smooth Rock Falls T,3042800,2023
56052,Fauquier-Strickland Tp,1183560,2023
56056,Moonbeam Tp,2908293,2023
56065,Moosonee T,2147500,2023
56066,Kapuskasing T,13545876,2023
56070,Val Rita-Harty Tp,1814460,2023
56073,Opasatika Tp,977195,2023
56076,Hearst T,8590321,2023
56077,Mattice - Val Cote Tp,1447946,2023
57001,Jocelyn Tp,826899,2023
57004,Hilton Tp,892016,2023
57006,Hilton Beach V,420069,2023
57008,St Joseph Tp,2663274,2023
57011,Laird Tp,2049197,2023
57014,Tarbutt Tp,1235828,2023
57016,Johnson Tp,1910946,2023
57019,Plummer Additional Tp,1648715,2023
57021,Bruce Mines T,894865,2023
57023,Huron Shores M,4441227,2023
57028,Thessalon T,1608952,2023
57038,Blind River T,7527410,2023
57039,Spanish T,811504,2023
57040,The North Shore Tp,1164031,2023
57041,Elliot Lake C,14094341,2023
57051,Macdonald Meredith et al Tp,2654809,2023
57061,Sault Ste Marie C,147310197,2023
57066,Prince Tp,1782637,2023
57076,Wawa M,5509197,2023
57079,Dubreuilville Tp,1488914,2023
57091,White River Tp,1696178,2023
57096,Hornepayne Tp,2078511,2023
58001,Neebing M,3400620,2023
58004,Thunder Bay C,214709092,2023
58007,Oliver Paipoonge M,10484650,2023
58012,Gillies Tp,709147,2023
58016,O'Connor Tp,1064705,2023
58019,Conmee Tp,1134963,2023
58028,Shuniah M,6699160,2023
58034,Dorion Tp,699164,2023
58041,Red Rock Tp,1596163,2023
58051,Schreiber Tp,2270138,2023
58054,Terrace Bay Tp,3791971,2023
58058,Greenstone M,19443156,2023
58059,Marathon T,5694867,2023
59001,Atikokan Tp,8896015,2023
59011,Alberton Tp,1219198,2023
59012,Fort Frances T,13748925,2023
59016,La Vallee Tp,1261136,2023
59019,Emo Tp,2252816,2023
59024,Chapple Tp,2373761,2023
59031,Morley Tp,728501,2023
59040,Dawson Tp,708627,2023
59042,Rainy River T,869121,2023
59045,Lake of The Woods Tp,837732,2023
60008,Sioux Narrows-Nestor Falls Tp,3632482,2023
60011,Kenora C,33932731,2023
60021,Machin Tp,2684203,2023
60025,Dryden C,17061693,2023
60034,Sioux Lookout M,12682457,2023
60040,Red Lake M,11185554,2023
60042,Ear Falls Tp,2154246,2023
60049,Pickle Lake Tp,794619,2023
